note_id,id,target_comment_id,content,ip_location,like_count,create_time,user_info,at_users,liked,show_tags,status,sub_comments,sub_comment_cursor,sub_comment_count,sub_comment_has_more
67a36220000000001701e497,67aa223200000000190008b9,,æˆ‘æ„è¯†åˆ°æˆ‘çš„ç—›è‹¦åªæœ‰æ­»äº¡èƒ½è§£å†³ï¼Œä½†æ‡¦å¼±çš„æˆ‘ä¸ä¼šæ­»ï¼Œäºæ˜¯æˆ‘æ›´ç—›è‹¦äº†,,1209,1739203123000,å§å”§,[],False,[],0,"[{'id': '67acfead0000000019004499', 'note_id': '67a36220000000001701e497', 'at_users': [], 'liked': False, 'show_tags': [], 'target_comment': {'id': '67aa223200000000190008b9', 'user_info': {'user_id': '5716070284edcd35ec9977fc', 'nickname': 'å§å”§', 'image': 'https://sns-avatar-qc.xhscdn.com/avatar/6155aee1c06f83d24097bc5a.jpg?imageView2/2/w/120/format/jpg', 'xsec_token': 'ABAuTeF83WlpinKV7vmRMQkCaD-uYtTHiFCmDIDJYkRF8='}}, 'status': 0, 'content': 'ä½ å…¶å®æƒ³æ´»ï¼Œä½†ä½ åˆæƒ³æ€æ­»ç—›è‹¦ï¼Œäºæ˜¯é™·å…¥ä¸¤éš¾[ç¬‘å“­R]', 'like_count': '327', 'user_info': {'user_id': '63189d510000000015016574', 'nickname': 'é›¨é­‚', 'image': 'https://sns-avatar-qc.xhscdn.com/avatar/1040g2jo30rih74eai25g5ooojl8lapbkqpvmsgo?imageView2/2/w/120/format/jpg', 'xsec_token': 'AB1ehC3J2Oyay1MWNQlUo_eGaU_Yw4qeXsiyz3lEz5EaQ='}, 'create_time': 1739390638000}]",67acfead0000000019004499,58,True
67a36220000000001701e497,67ae0f59000000001603119f,,æ¯å¤©éƒ½åœ¨è®¸æ„¿çŒæ­»æˆ–è€…å¾—æ¶æ€§åº¦é«˜çš„ç™Œç—‡å‘ç°å³æ™šæœŸè½¬ç§»çš„é‚£ç§[åˆåR],,440,1739460442000,momo,[],False,[],0,"[{'id': '67ae451a00000000190044e9', 'note_id': '67a36220000000001701e497', 'content': 'çŒæ­»çœŸçš„æ˜¯ç¦æŠ¥ å¥½äººä¸é•¿å‘½å…¶å®æ˜¯ç»™å¥½äººçš„å¥–åŠ± å› ä¸ºæ´»ç€çœŸçš„æ²¡æ„æ€', 'liked': False, 'target_comment': {'id': '67ae0f59000000001603119f', 'user_info': {'user_id': '64477018000000001f031719', 'nickname': 'momo', 'image': 'https://sns-avatar-qc.xhscdn.com/avatar/2b4cefbb01e0a0824f5c173dde7f98b2.jpg?imageView2/2/w/120/format/jpg', 'xsec_token': 'AB8PXRGDOPlGjjYW_9wVs7QBz1M4WRmyvhrBC4waHZ97s='}}, 'status': 0, 'at_users': [], 'like_count': '819', 'user_info': {'user_id': '62392ac400000000210296ff', 'nickname': 'ã€‚ã€‚', 'image': 'https://sns-avatar-qc.xhscdn.com/avatar/1040g2jo30ofrqq7cim005ohp5b28d5nvt5fgph8?imageView2/2/w/120/format/jpg', 'xsec_token': 'ABfVYgpNigr1blzJ0qNU2BsmSjjHGu08L9T7Ya8OffbLc='}, 'show_tags': [], 'create_time': 1739474203000}]",67ae451a00000000190044e9,50,True
67a36220000000001701e497,67c6bf870000000017028bd5,,è¦æ˜¯æˆ‘èƒ½æ™šä¸Šç¡ç€å†ä¹Ÿé†’ä¸æ¥è¯¥å¤šå¥½,å®‰å¾½,320,1741078407000,åˆå†¬,[],False,[],0,"[{'content': 'æˆ‘ä¹Ÿå¸Œæœ›ï¼Œæˆ–è€…å¾—ç™Œç—‡ã€ç»ç—‡ï¼Œæ´»ä¸ªä¸€ä¸¤å¹´å°±å™¶ï¼ŒçœŸçš„å—ä¸äº†äº†', 'liked': False, 'like_count': '78', 'user_info': {'user_id': '62694e5c0000000021020a9b', 'nickname': 'å¡”çº³æ‰˜æ–¯', 'image': 'https://sns-avatar-qc.xhscdn.com/avatar/1040g2jo31a8pka4vne6g5oj99pe8c2krjhnm118?imageView2/2/w/120/format/jpg', 'xsec_token': 'ABCpHaLpIP7sczxp6rGRxtHELsOHaW73Rz5lJ6TqtE1CI='}, 'show_tags': [], 'create_time': 1741090572000, 'ip_location': 'å››å·', 'note_id': '67a36220000000001701e497', 'target_comment': {'user_info': {'xsec_token': 'ABriWe4p9Do5E7YjsQuD-3vYodzO3QiFruajtueuQmrnQ=', 'user_id': '63536e0f000000001802a34b', 'nickname': 'åˆå†¬', 'image': 'https://sns-avatar-qc.xhscdn.com/avatar/1040g2jo31eritl966a005oqjdo7m58qbq6g269o?imageView2/2/w/120/format/jpg'}, 'id': '67c6bf870000000017028bd5'}, 'status': 0, 'at_users': [], 'id': '67c6ef0b000000001702adad'}]",67c6ef0b000000001702adad,48,True
67a36220000000001701e497,67aa140400000000160176ea,,æˆ‘éƒ½æƒ³æ­»äº† å®¶é‡Œäººè¿˜è·Ÿæˆ‘è¯´æˆ‘æƒ³æ­»æ˜¯å› ä¸ºæ²¡æ‰¾å¯¹è±¡æ²¡ç»“å©šæ²¡ç”Ÿå­©å­,,105,1739199493000,å°‘å¿,[],False,['is_author'],3,"[{'id': '67aa820600000000190155e6', 'note_id': '67a36220000000001701e497', 'status': 0, 'user_info': {'user_id': '5bd51e67deb1fe0001c20171', 'nickname': 'é’å½»', 'image': 'https://sns-avatar-qc.xhscdn.com/avatar/1040g2jo31b9eug707m6g4bl73uf6e0bhqeuqck8?imageView2/2/w/120/format/jpg', 'xsec_token': 'ABKVZp7UyakDCRaCSez3AMJjkbl_-c9fidg6zTSxAQxWQ='}, 'create_time': 1739227654000, 'target_comment': {'id': '67aa140400000000160176ea', 'user_info': {'nickname': 'å°‘å¿', 'image': 'https://sns-avatar-qc.xhscdn.com/avatar/1040g2jo31f6sa86tma004a4q1v53fh9svem0kg8?imageView2/2/w/120/format/jpg', 'xsec_token': 'ABnN6Y0Ze7wbd0wWrrGRIzQ9FSxJwrkqWFBaNiY3h3JU4=', 'user_id': '5adfca3711be105c4d0dc53c'}}, 'content': 'ä¸´æ­»å‰å‘ä¸ªç–¯ï¼Œå¯¹ç€ä»–ä»¬å¤§å–Šå¤§å«ï¼Œä¸å†…è€—è‡ªå·±è¯•è¯•å¤–è€—åˆ«äººçš„æ´»æ³•ï¼Œè™½ç„¶åé¢å¯èƒ½è¿˜æƒ³æ­»ï¼Œä½†çœ‹ç€è®©è‡ªå·±ä¼¤å¿ƒçš„äººç—›è‹¦å°±æœ‰ç›¼å¤´äº†[èŒèŒå“’R]', 'at_users': [], 'liked': False, 'like_count': '46', 'show_tags': []}]",67aa820600000000190155e6,29,True
67a36220000000001701e497,67aca43c000000001c00de4a,,å¦‚æœå¯ä»¥åœ¨ç¡æ¢¦ä¸­ç¦»å»å°±å¥½äº†,,183,1739367485000,æ¥éŸµ,[],False,[],0,"[{'note_id': '67a36220000000001701e497', 'content': '+1', 'target_comment': {'id': '67aca43c000000001c00de4a', 'user_info': {'user_id': '5ca31ac5000000001101cd2b', 'nickname': 'æ¥éŸµ', 'image': 'https://sns-avatar-qc.xhscdn.com/avatar/1040g2jo31dl9k4d4h2605n533b2kbj9bpa9s50g?imageView2/2/w/120/format/jpg', 'xsec_token': 'ABPqyHxjNyZBwv_XTa89cXhDRhsiLkslcwn2Y81E6gRgM='}}, 'like_count': '2', 'user_info': {'xsec_token': 'ABvXZSTh4uHjfW_o-1_w-m5K1hgXnJHBC3t1Ah3BD2Q-0=', 'user_id': '5fc1025f0000000001009ecd', 'nickname': 'èè', 'image': 'https://sns-avatar-qc.xhscdn.com/avatar/1040g2jo31eojq49h6e6g5nu109fg97mdca3sm18?imageView2/2/w/120/format/jpg'}, 'show_tags': [], 'create_time': 1739372756000, 'id': '67acb8d40000000016015a15', 'status': 0, 'at_users': [], 'liked': False}]",67acb8d40000000016015a15,6,True
67a36220000000001701e497,67d31403000000001801fcaf,,æˆ‘å‡†å¤‡ç”¨äºšç¡é…¸é’ èµ°äº†ã€‚æœ‰æ²¡æœ‰æ‡‚çš„èŠèŠ,æµ™æ±Ÿ,5,1741886468000,uiii,[],False,[],0,"[{'id': '67d850f60000000017028f5d', 'liked': False, 'user_info': {'image': 'https://sns-avatar-qc.xhscdn.com/avatar/1040g2jo31dh2gtfvgm704a4iiigtg7a8va2fme0?imageView2/2/w/120/format/jpg', 'xsec_token': 'AB44wlU3GTEeozVIOuZ5xhphYDF1HgReXn1jtXlmCPMb4=', 'user_id': '5ad3e1d8e8ac2b6e95361d48', 'nickname': 'æˆ‘ä»¬é­ˆå¨å°±æ˜¯è¿™æ ·æ»´å‘¢'}, 'show_tags': [], 'ip_location': 'ä¸­å›½', 'target_comment': {'id': '67d31403000000001801fcaf', 'user_info': {'xsec_token': 'ABnHxmUMlHBHVgIGk1Drh0CJbVSmvr4Lu2xCvF_VTx25Y=', 'user_id': '65b2a612000000001302b1dc', 'nickname': 'uiii', 'image': 'https://sns-avatar-qc.xhscdn.com/avatar/1040g2jo31ejkuhcp0s6g5pdiko94tcesk92kcr0?imageView2/2/w/120/format/jpg'}}, 'note_id': '67a36220000000001701e497', 'status': 0, 'content': 'åˆ›é€ ç¾¤çš„é‚£ä¸ªä¹Ÿæ˜¯ ä¸‡ä¸€æ˜¯éª—é’±çš„ ä¹Ÿä¸æ€•è¢«éª—å—[ç¬‘å“­R] è¿˜å„ä¸ªéƒ½è¦åŠ ã€‚ä¸‡ä¸€æ˜¯çœŸçš„è¿™ç§ç¾¤ å‡ºäº‹éœ€è¦ä»˜å‡ºæ³•å¾‹è´£ä»»çš„ ä¸æƒ³ä¼¤å®³åˆ«äºº å°±åœ¨åœä¸‹è„šæ­¥ å¥½å¥½è€ƒè™‘ä¸€ä¸‹ ä½ æ˜¯çœŸçš„è§‰å¾—æ´»ä¸‹å»æ²¡æœ‰æ„ä¹‰äº†å—', 'at_users': [], 'like_count': '2', 'create_time': 1742229750000}]",67d850f60000000017028f5d,19,True
67a36220000000001701e497,67da56d90000000018016363,,æœ€ç»æœ›çš„å°±æ˜¯èº«ä½“ï¼Œä¸€ä¼šè¿™ä¸å¥½ä¸€ä¼šé‚£ä¸å¥½ï¼Œä¸Šå‡ ä¸ªè¿˜æ²¡å¥½åˆæ¥æ–°çš„ï¼ŒçœŸçš„çœ‹ä¸åˆ°ä¸€ä¸ç‚¹å¸Œæœ›ï¼Œè€å¤©çˆ·è¦æ”¶å°±æ—©ç‚¹æ”¶å§ï¼Œä½•è‹¦è¿™èˆ¬æŠ˜ç£¨,å››å·,3,1742362330000,é»„è¿ç‚’è‚‰,[],False,[],0,"[{'status': 0, 'content': 'æˆ‘ç°åœ¨å°±æ˜¯è¿™æ · æ­»ä¸äº†çš„å°æ¯›ç—…ä¸€å †', 'liked': False, 'like_count': '1', 'user_info': {'user_id': '5adfca3711be105c4d0dc53c', 'nickname': 'å°‘å¿', 'image': 'https://sns-avatar-qc.xhscdn.com/avatar/1040g2jo31f6sa86tma004a4q1v53fh9svem0kg8?imageView2/2/w/120/format/jpg', 'xsec_token': 'ABnN6Y0Ze7wbd0wWrrGRIzQ9FSxJwrkqWFBaNiY3h3JU4='}, 'ip_location': 'å±±ä¸œ', 'target_comment': {'id': '67da56d90000000018016363', 'user_info': {'user_id': '5f4144c20000000001003538', 'nickname': 'é»„è¿ç‚’è‚‰', 'image': 'https://sns-avatar-qc.xhscdn.com/avatar/1040g2jo313hmp7rtg0005nq18j108d9of8hkf3g?imageView2/2/w/120/format/jpg', 'xsec_token': 'ABvvtrZBxTLvL9N-Pp9E4t7L8OR1R_a2CfA5GwW3iit0E='}}, 'id': '67da5d4f000000001802c942', 'note_id': '67a36220000000001701e497', 'at_users': [], 'show_tags': ['is_author'], 'create_time': 1742363983000}]",67da5d4f000000001802c942,4,True
67a36220000000001701e497,67cd94700000000015005e14,,æˆ‘ä¹Ÿå‡†å¤‡ç¦»å¼€äº†  ä¹°äº†æ— ç—›çš„è¯,æ¹–åŒ—,2,1741526129000,è“æ¡ƒ,[],False,[],0,"[{'at_users': [], 'liked': False, 'show_tags': [], 'ip_location': 'å±±ä¸œ', 'target_comment': {'id': '67cd94700000000015005e14', 'user_info': {'xsec_token': 'ABeJMelDueRZ4MPPA6dYrJ5UXPk87kwcsyjKg76-x_ego=', 'user_id': '66db07a0000000001d02268f', 'nickname': 'è“æ¡ƒ', 'image': 'https://sns-avatar-qc.xhscdn.com/avatar/1040g2jo31elfuo2pks605pmr0ug7c9kfeutudn8?imageView2/2/w/120/format/jpg'}}, 'id': '67cd9b5b0000000017032d22', 'content': 'èƒ½ä¸èƒ½åˆ†äº«ä¸€ä¸‹', 'like_count': '0', 'user_info': {'nickname': 'å¤å¿ƒ', 'image': 'https://sns-avatar-qc.xhscdn.com/avatar/1040g2jo317mjhp8lk40049v915mti3b4896agc0?imageView2/2/w/120/format/jpg', 'xsec_token': 'AB_zZzCqmnH_02-6rWJBtj1AsVsdn8Oq_a8bGuXMeUZh8=', 'user_id': '5a01edd94eacab2149660d64'}, 'create_time': 1741527900000, 'note_id': '67a36220000000001701e497', 'status': 0}]",67cd9b5b0000000017032d22,9,True
67a36220000000001701e497,67d160c5000000001802f3ba,,æƒ³æ‰¾ä¸ªå±‹å­çƒ§ç‚­ï¼Œåˆæ‹…å¿ƒæ­»äº†åˆ«äººå±‹é‡Œä¸å¥½â€¦,åŒ—äº¬,9,1741775046000,å°æœ‹å‹,[],False,[],3,"[{'show_tags': [], 'id': '67d2c3f90000000015029f98', 'note_id': '67a36220000000001701e497', 'content': 'å’‹è·Ÿæˆ‘ä¸€æ ·', 'at_users': [], 'liked': False, 'like_count': '1', 'user_info': {'user_id': '646029f100000000100289d4', 'nickname': 'æœˆ å…‰ å® ç›’', 'image': 'https://sns-avatar-qc.xhscdn.com/avatar/1040g2jo31dhg9rfp0m6g5p3057ok52eki7drj48?imageView2/2/w/120/format/jpg', 'xsec_token': 'ABvRfzXHGEjNhRrLy_OyFKCatWyJRImIE_T0Xvj6c0RvU='}, 'create_time': 1741865977000, 'target_comment': {'id': '67d160c5000000001802f3ba', 'user_info': {'user_id': '5e296685000000000100a547', 'nickname': 'å°æœ‹å‹', 'image': 'https://sns-avatar-qc.xhscdn.com/avatar/5e8d89f3db81e500017a1bc2.jpg?imageView2/2/w/120/format/jpg', 'xsec_token': 'AB1uLlhwSe5Qqg3wk-NDyPeYTlAe57UpdBeo6HPHbaYgQ='}}, 'status': 0, 'ip_location': 'æ²³å—'}]",67d2c3f90000000015029f98,5,True
67a36220000000001701e497,67cb057400000000150145c2,,æœ‰å­©å­ï¼Œä¸æ•¢æ­»ï¼Œç—›è‹¦ä¸‡åˆ†ï¼Œä¸‡åˆ†åæ‚”å¸¦ä»–æ¥ä¸–ä¸Šå—ç½ª[å“­æƒ¹R],å¹¿ä¸œ,9,1741358453000,momoå“’,[],False,[],0,"[{'id': '67cb16ca000000001802c191', 'note_id': '67a36220000000001701e497', 'content': 'åŒæ„Ÿ', 'at_users': [], 'liked': False, 'create_time': 1741362891000, 'ip_location': 'å¤©æ´¥', 'target_comment': {'id': '67cb057400000000150145c2', 'user_info': {'user_id': '6040c954000000000101d73c', 'nickname': 'momoå“’', 'image': 'https://sns-avatar-qc.xhscdn.com/avatar/641a49e794e6bf2ea7665574.jpg?imageView2/2/w/120/format/jpg', 'xsec_token': 'ABG7KMKmFFB4IGPvEGzZIHtcISkysRplZOxk8iX8nNHpc='}}, 'status': 0, 'like_count': '0', 'user_info': {'user_id': '5b36355611be10694ca3ebfa', 'nickname': 'Aå°å°å¹¸ç¦ğŸ˜', 'image': 'https://sns-avatar-qc.xhscdn.com/avatar/1040g2jo3164g22afha6g4a6mcgqldqvq2gu93qg?imageView2/2/w/120/format/jpg', 'xsec_token': 'AB8VURWdn-JvIaFZAjG-gMYa-eIb8mA3CsFfn7sYv6SPU='}, 'show_tags': []}]",67cb16ca000000001802c191,3,True
67a36220000000001701e497,67dc194e000000001e03bb1f,,è‡ªç”±ä¸äº†ä¸€ç‚¹çš„æ„Ÿè§‰ èº«æ­»é­‚ç­ æ˜¯å¦å°±è‡ªç”±äº† éšé£è€Œæ•£,ç¦å»º,0,1742477646000,lan,[],False,[],0,[],,0,False
67a36220000000001701e497,67dbfa830000000020013d00,,æœ‰å—,å‰æ—,0,1742469763000,momo,[],False,[],3,"[{'status': 0, 'at_users': [], 'liked': False, 'user_info': {'user_id': '5c0dbe7c000000000603d928', 'nickname': 'èµ›è¹', 'image': 'https://sns-avatar-qc.xhscdn.com/avatar/63fd9711fca3d98c0e1c07ad.jpg?imageView2/2/w/120/format/jpg', 'xsec_token': 'ABUskNgY7QVU9p-R739OEj1DqrufHEKqO9uQ7JauOANnE='}, 'show_tags': [], 'create_time': 1742473225000, 'id': '67dc0808000000001e011049', 'note_id': '67a36220000000001701e497', 'content': 'æœ‰', 'like_count': '0', 'ip_location': 'åŒ—äº¬', 'target_comment': {'id': '67dbfa830000000020013d00', 'user_info': {'user_id': '5dea2599000000000100b703', 'nickname': 'momo', 'image': 'https://sns-avatar-qc.xhscdn.com/avatar/1040g2jo31eseff6f6q0g5nfa4mcg9do3hs7mmpo?imageView2/2/w/120/format/jpg', 'xsec_token': 'AB0JTj-oUivk8Q2XYsUOagDIg5dvy1oLAO3sBFB2Leeb0='}}}]",67dc0808000000001e011049,1,False
67a36220000000001701e497,67db9ea600000000150290d2,,æ­¦æ±‰æ¥ä¸ªä¸€èµ·çš„,æ¹–åŒ—,0,1742446247000,å†’æ³¡çš„æ©˜å­æ±½æ°´,[],False,[],0,[],,0,False
67a36220000000001701e497,67db9663000000001200c842,,ä¸€æƒ³ä¸å¼€äº†å°±é—®è‡ªå·±ï¼Œå¤§æ¦‚ç‡è‡ªå·±ä¸ƒå¹´ä¹‹åè¿˜æ´»ç€ï¼Œé‚£å°±è¯´æ˜è¿™ä¸ªåè¿‡å¾—å»ï¼Œèƒ½è¿‡å»[å“­æƒ¹R],å±±è¥¿,0,1742444131000,åå¼¦,[],False,[],0,[],,0,False
67a36220000000001701e497,67db90f1000000001802e585,,å¤ªå¯¹äº†,å®‰å¾½,0,1742442737000,sugar,[],False,[],0,[],,0,False
67a36220000000001701e497,67db052b0000000018005caf,,è‹¥æ˜¯çŒæ­»ï¼Œæˆ–è€…ç¡ä¸€è§‰å†ä¹Ÿé†’ä¸è¿‡æ¥çš„æ­»ï¼Œæˆ‘å°†æ„Ÿæ©æˆ´å¾·,å¤©æ´¥,1,1742406955000,æ¸…æ°´é±¼,[],False,[],0,[],,0,False
67a36220000000001701e497,67dad6ee00000000170399b4,,æœ‰æ—¶æƒ³ç€ï¼Œå¦‚æœæˆ‘çš„æ­»èƒ½è®©ä¸–ç•Œå˜å¾—ç¾å¥½ï¼Œä¸å†ç—›è‹¦ï¼Œé‚£ä¹ˆæˆ‘ä¼šè§‰å¾—å°±è¿™æ ·æ­»å»ä¹Ÿæ— æ‰€è°“äº†ï¼Œä½†æˆ‘çš„æ­»äº¡ä¸ä¼šæ”¹å˜ä»»ä½•ä¸œè¥¿ã€‚æƒ³ç€å¦‚æœæˆ‘çš„å­˜åœ¨èƒ½è®©è¿™ä¸ªä¸–ç•Œå¤šä¸€ä¸æ¸©æš–ï¼Œå°‘ä¸€ä¸ç—›è‹¦ï¼Œé‚£æˆ‘çš„ç”Ÿå‘½ä¹Ÿä¸ç®—æ˜¯æ¯«æ— æ„ä¹‰äº†ã€‚,å¹¿ä¸œ,0,1742395119000,é¸¢å°¾å½¼å²¸,[],False,[],0,[],,0,False
67a36220000000001701e497,67d99a5c000000001800d018,,ä¸æ•¢è‡ªæ€ï¼Œæˆ‘è¿˜æœ‰å®¶äººã€‚ä½†æ˜¯æˆ‘å¥½ç—›è‹¦ï¼Œæ¯ä¸€å¤©éƒ½åœ¨åº”æ¿€ï¼Œå¤´ç—›æ¶å¿ƒç¡ä¸é†’ç„¦è™‘å®³æ€•çƒ¦èºï¼Œè‹å¤©å•Š,å±±è¥¿,0,1742314077000,èŠ·å²¸,[],False,[],0,"[{'id': '67dab2b20000000017029167', 'status': 0, 'content': 'ä¸–å¦æˆ‘[å“­æƒ¹R]', 'note_id': '67a36220000000001701e497', 'at_users': [], 'liked': False, 'like_count': '0', 'user_info': {'user_id': '63189d510000000015016574', 'nickname': 'é›¨é­‚', 'image': 'https://sns-avatar-qc.xhscdn.com/avatar/1040g2jo30rih74eai25g5ooojl8lapbkqpvmsgo?imageView2/2/w/120/format/jpg', 'xsec_token': 'AB1ehC3J2Oyay1MWNQlUo_eGaU_Yw4qeXsiyz3lEz5EaQ='}, 'show_tags': [], 'create_time': 1742385843000, 'ip_location': 'äº‘å—', 'target_comment': {'id': '67d99a5c000000001800d018', 'user_info': {'user_id': '5e476a300000000001007e2d', 'nickname': 'èŠ·å²¸', 'image': 'https://sns-avatar-qc.xhscdn.com/avatar/1040g2jo31f298bf76a005ni7d8o08vhdvnqcvjo?imageView2/2/w/120/format/jpg', 'xsec_token': 'ABYak2d_rBhO7zxdyDb6r_d0xEYkkNwyiwzZKhNOBEGFc='}}}]",67dab2b20000000017029167,2,True
67a36220000000001701e497,67d96b5e000000001801caf4,,å¥½åƒæ²¡æœ‰ä»€ä¹ˆç‰¹åˆ«ç—›è‹¦çš„äº‹ï¼Œå¯å°±æ˜¯ä¸å¿«ä¹ï¼Œå°±æ˜¯ä¸ç®¡æ€ä¹ˆåŠªåŠ›ï¼Œç”Ÿæ´»ä¹Ÿä¸ä¼šå˜çš„æ›´å¥½ï¼Œæ²¡æœ‰ç›¼å¤´åˆè¿·èŒ«çš„æœªæ¥,å±±ä¸œ,1,1742302047000,çƒ­ç”œæ©™å‘¦-,[],False,[],0,"[{'id': '67dba26500000000120166f1', 'note_id': '67a36220000000001701e497', 'status': 0, 'at_users': [], 'liked': False, 'user_info': {'nickname': 'é»„æ¡ƒä¸æ˜¯ç½å¤´', 'image': 'https://sns-avatar-qc.xhscdn.com/avatar/1040g2jo31bib7qvth66g5nvvgdvg85hiq95aq40?imageView2/2/w/120/format/jpg', 'xsec_token': 'ABiUVRGLl1R2UADrppsfPSpOp_9eIN1ga5iaGcHzhfoC8=', 'user_id': '5fff837f0000000001001632'}, 'ip_location': 'ç¦å»º', 'target_comment': {'id': '67d96b5e000000001801caf4', 'user_info': {'user_id': '551bed3db203d95df41aa834', 'nickname': 'çƒ­ç”œæ©™å‘¦-', 'image': 'https://sns-avatar-qc.xhscdn.com/avatar/637965630f64162f95188c95.jpg?imageView2/2/w/120/format/jpg', 'xsec_token': 'ABn2yO2gY8xZvV2zInnW-Is_TxKqn_rv_yzHjWSGj8bVY='}}, 'content': 'æ˜¯çš„ï¼Œæˆ‘å·²ç»éå¸¸åŠªåŠ›ï¼Œå¯æ˜¯æ²¡æœ‰å˜å¥½ï¼Œè¶Šæ¥è¶Šåï¼Œæˆ‘éƒ½ä¸çŸ¥é“æ€ä¹ˆåŠ', 'like_count': '0', 'show_tags': [], 'create_time': 1742447206000}]",67dba26500000000120166f1,1,False
67a36220000000001701e497,67d94210000000001802dba4,,æŠ‘éƒäº†,äº‘å—,0,1742291473000,å°èå­,[],False,[],0,[],,0,False
67a36220000000001701e497,67d847c60000000015017e9a,,æˆ‘å‡ ä¹æ¯å¤©éƒ½è¿™ä¹ˆç¥ˆç¥·,å¤©æ´¥,3,1742227399000,ä¸€æœµçˆ†ç±³èŠ±,[],False,[],0,"[{'ip_location': 'å¤©æ´¥', 'note_id': '67a36220000000001701e497', 'content': 'ç¡ç€ä»¥åæ°¸è¿œä¸ä¼šé†’æ¥ï¼Œ', 'user_info': {'user_id': '5a9673ace8ac2b7cec6efd89', 'nickname': 'ä¸€æœµçˆ†ç±³èŠ±', 'image': 'https://sns-avatar-qc.xhscdn.com/avatar/1040g2jo31e9mtbo008004a2uv8pqpvc99rciadg?imageView2/2/w/120/format/jpg', 'xsec_token': 'ABKpfZrMnTE25O-7bcd0DPsUBJNCdTdLfbhKtIhcYQuM0='}, 'show_tags': [], 'create_time': 1742227434000, 'target_comment': {'id': '67d847c60000000015017e9a', 'user_info': {'image': 'https://sns-avatar-qc.xhscdn.com/avatar/1040g2jo31e9mtbo008004a2uv8pqpvc99rciadg?imageView2/2/w/120/format/jpg', 'xsec_token': 'ABKpfZrMnTE25O-7bcd0DPsUBJNCdTdLfbhKtIhcYQuM0=', 'user_id': '5a9673ace8ac2b7cec6efd89', 'nickname': 'ä¸€æœµçˆ†ç±³èŠ±'}}, 'id': '67d847e900000000150144b7', 'status': 0, 'at_users': [], 'liked': False, 'like_count': '4'}]",67d847e900000000150144b7,1,False
67a36220000000001701e497,67d83fed0000000018014862,,è€å…¬åˆ›ä¸šäºæŸè´Ÿå€ºç´¯ç´¯ï¼Œåˆä¸è‚¯æ”¾å¼ƒï¼Œè¶Šé™·è¶Šæ·±ã€‚å­©å­ä»¬å—·å—·å¾…å“ºã€‚è¿˜ä¸èƒ½æ­»ï¼Œæ˜¨å¤œæˆ‘å·²ç»æ¨¡æ‹Ÿæ­»å»äº†ã€‚æ´»ç€çš„å·²ä¸æ˜¯æˆ‘åªæ˜¯å¤±å»çµé­‚çš„è‚‰èº«,æ±Ÿè¥¿,1,1742225390000,é”¦ç»£æœªå¤®,[],False,[],0,"[{'at_users': [], 'like_count': '0', 'user_info': {'user_id': '5e55dbf4000000000100acce', 'nickname': 'é’æŸ ', 'image': 'https://sns-avatar-qc.xhscdn.com/avatar/5e55dbf4000000000100acce.jpg?imageView2/2/w/120/format/jpg', 'xsec_token': 'ABNPx_4Tb7qMDQOdSxcv8Ntk7O52C95BenPDV9xgAWq9k='}, 'show_tags': [], 'create_time': 1742443709000, 'target_comment': {'id': '67d83fed0000000018014862', 'user_info': {'user_id': '5c11ed77000000000700dd76', 'nickname': 'é”¦ç»£æœªå¤®', 'image': 'https://sns-avatar-qc.xhscdn.com/avatar/1040g2jo31cceed810s6g4bv1almnfnbmuctqftg?imageView2/2/w/120/format/jpg', 'xsec_token': 'ABZd-E6-nBYl5Shbps9LbYcBF9mvT2TAOGaWGNEtVbvUA='}}, 'id': '67db94bc00000000150047aa', 'note_id': '67a36220000000001701e497', 'status': 0, 'content': 'æ€ä¹ˆæ¨¡æ‹Ÿï¼Ÿ', 'liked': False, 'ip_location': 'å±±ä¸œ'}]",67db94bc00000000150047aa,1,False
67a36220000000001701e497,67d82ecb0000000018014360,,æœ‰ä»€ä¹ˆåƒäº†èƒ½é†’ä¸æ¥çš„ä¸œè¥¿å—â€¦ä¸ä¼šç—›çš„é‚£ç§[å¹æ°”R],é‡åº†,3,1742221004000,é›ªæ—¶èŠ±æœªçœ ,[],False,[],0,"[{'target_comment': {'id': '67d82ecb0000000018014360', 'user_info': {'user_id': '63e507f900000000270283c0', 'nickname': 'é›ªæ—¶èŠ±æœªçœ ', 'image': 'https://sns-avatar-qc.xhscdn.com/avatar/1040g2jo31f3kgoqmmi605ov50vspt0u04shk0go?imageView2/2/w/120/format/jpg', 'xsec_token': 'ABFKoGIsshZc3ElUa3qYyEQ-am_0lnmDJd_B1ikEkH_mI='}}, 'id': '67dabf210000000017039523', 'status': 0, 'liked': False, 'show_tags': [], 'ip_location': 'äº‘å—', 'create_time': 1742389026000, 'note_id': '67a36220000000001701e497', 'content': 'å­Ÿå©†æ±¤[ç¬‘å“­R]', 'at_users': [], 'like_count': '0', 'user_info': {'user_id': '63189d510000000015016574', 'nickname': 'é›¨é­‚', 'image': 'https://sns-avatar-qc.xhscdn.com/avatar/1040g2jo30rih74eai25g5ooojl8lapbkqpvmsgo?imageView2/2/w/120/format/jpg', 'xsec_token': 'AB1ehC3J2Oyay1MWNQlUo_eGaU_Yw4qeXsiyz3lEz5EaQ='}}]",67dabf210000000017039523,1,False
67a36220000000001701e497,67d81f53000000001501435c,,æ‰¾ä¸åˆ°ç”Ÿæ´»çš„æ„ä¹‰ï¼Œæ´»ç€å¥½éš¾å—å•Š,å¹¿ä¸œ,1,1742217044000,Nuyoah.,[],False,[],0,[],,0,False
67a36220000000001701e497,67d78c51000000001702ae1f,,ç»å¸¸è§‰å¾—æ´»ç€æ²¡æ„æ€ï¼Œè€å¤©ä¸ºå•¥è¦åˆ›é€ æˆ‘è¿™æ ·æ²¡ç”¨çš„äººï¼Œèƒ½åŠ›å·®ï¼Œä»€ä¹ˆéƒ½ä¸å¦‚åˆ«äººï¼Œä¹Ÿæ²¡æœ‰æ–—å¿—ï¼Œä¹Ÿä¸åŠªåŠ›ï¼[å“­æƒ¹R],æ²³å—,8,1742179410000,è´¢ç¥åˆ°æˆ‘å®¶,[],False,[],0,"[{'note_id': '67a36220000000001701e497', 'content': 'é‚£å°±æ›´è¦è®©è‡ªå·±æ´»çš„å¼€å¿ƒäº†ï¼Œåæ­£éƒ½è¿™ä¹ˆå·®äº†ï¼Œæ›´ä¸èƒ½å·®äº†å¿ƒæƒ…', 'liked': False, 'id': '67d7cf0a0000000018018201', 'at_users': [], 'like_count': '0', 'user_info': {'nickname': 'è¾¹ç•Œä¸å¤©çœŸ', 'image': 'https://sns-avatar-qc.xhscdn.com/avatar/1040g2jo30n9i7j9g5c6g4a18tdgi6o7bb7n6se8?imageView2/2/w/120/format/jpg', 'xsec_token': 'ABcVlgV3qruMFd3LNAQmfCY3oQdLe_4CA6tTIXqOgJtjc=', 'user_id': '5a76e12311be102338b260eb'}, 'show_tags': [], 'create_time': 1742196490000, 'ip_location': 'åŒ—äº¬', 'target_comment': {'user_info': {'user_id': '59dc8dcdde5fb409974338b4', 'nickname': 'è´¢ç¥åˆ°æˆ‘å®¶', 'image': 'https://sns-avatar-qc.xhscdn.com/avatar/59dc8dcfb46c5d3955a83f01.jpg?imageView2/2/w/120/format/jpg', 'xsec_token': 'ABX5DJCiGXqwS4HmFbQGgAL03Ov7CLIXfHFK7cmyqumxo='}, 'id': '67d78c51000000001702ae1f'}, 'status': 0}]",67d7cf0a0000000018018201,3,True
67a36220000000001701e497,67d7822e000000000f039026,,æˆ‘å¸Œæœ›å‘½è¿èƒ½ç»“æŸå¯¹æˆ‘çš„æƒ©ç½šï¼Œæ”¾æˆ‘å›å»ï¼Œæˆ‘çœŸçš„å¾ˆæƒ³åœ¨æ˜å¹´å†¬å¤©ä¹‹å‰ç¦»å¼€è¿™ä¸ªä¸–ç•Œ,åŒ—äº¬,2,1742176815000,Lç”œç”œ,[],False,[],0,"[{'status': 0, 'user_info': {'xsec_token': 'ABGhioe6_YPzQQd3HCjBUQgNLEpQQ64X7ecH3xrjow3dI=', 'user_id': '63cf64b60000000026012bab', 'nickname': 'ä½³äºº018', 'image': 'https://sns-avatar-qc.xhscdn.com/avatar/1040g2jo313i3riesjk005oufcir9iatb1hfkkro?imageView2/2/w/120/format/jpg'}, 'target_comment': {'id': '67d7822e000000000f039026', 'user_info': {'user_id': '5e7410a40000000001009ddb', 'nickname': 'Lç”œç”œ', 'image': 'https://sns-avatar-qc.xhscdn.com/avatar/660f9bd2661fd927a0f08c26.jpg?imageView2/2/w/120/format/jpg', 'xsec_token': 'ABg5NjTaG7oACp7lJnLx7F7MVxlB1UIIsjvoLevjqDaj0='}}, 'id': '67d78a22000000000f030f0a', 'note_id': '67a36220000000001701e497', 'liked': False, 'like_count': '0', 'show_tags': [], 'create_time': 1742178850000, 'ip_location': 'æ±Ÿè‹', 'content': 'å¯æ˜¯æœ‰å­©å­æ€ä¹ˆåŠ', 'at_users': []}]",67d78a22000000000f030f0a,5,True
67a36220000000001701e497,67d70926000000001801185d,,è¾½å® æœ‰æ²¡æœ‰ä¸€èµ·çš„,åŒ—äº¬,1,1742145830000,èµ›è¹,[],False,[],0,"[{'id': '67d96b5f000000001801673a', 'at_users': [], 'like_count': '0', 'user_info': {'user_id': '5e91617c00000000010033cb', 'nickname': 'ğŸŒˆä¹é»æ€æœˆ', 'image': 'https://sns-avatar-qc.xhscdn.com/avatar/1040g2jo31f8781r6m66g5nkhc5u08cub73jrlp8?imageView2/2/w/120/format/jpg', 'xsec_token': 'ABQksZXnaTvXKcuqj9n3ZwdL8CDoFKep1MVFukVtOcpv0='}, 'ip_location': 'è¾½å®', 'target_comment': {'id': '67d70926000000001801185d', 'user_info': {'user_id': '5c0dbe7c000000000603d928', 'nickname': 'èµ›è¹', 'image': 'https://sns-avatar-qc.xhscdn.com/avatar/63fd9711fca3d98c0e1c07ad.jpg?imageView2/2/w/120/format/jpg', 'xsec_token': 'ABUskNgY7QVU9p-R739OEj1DqrufHEKqO9uQ7JauOANnE='}}, 'note_id': '67a36220000000001701e497', 'status': 0, 'content': 'æœ‰', 'liked': False, 'show_tags': [], 'create_time': 1742302048000}]",67d96b5f000000001801673a,1,False
67a36220000000001701e497,67d6ea2e0000000015002dbf,,æ„Ÿè§‰ä»€ä¹ˆéƒ½æ²¡æœ‰æ„ä¹‰  å¥½æ— èŠ ä¹‹å‰å¿ƒå¿ƒå¿µå¿µæƒ³å‡ºå»ç©åˆ°äº†åœ°æ–¹ä¹‹åå´æ²¡æœ‰ä¸€ç‚¹å…´è¶£ä¹Ÿå¼€å¿ƒä¸èµ·æ¥,æ±Ÿè¥¿,0,1742137902000,è‡¸èˆŸtsuki,[],False,[],0,"[{'create_time': 1742389202000, 'target_comment': {'id': '67d6ea2e0000000015002dbf', 'user_info': {'image': 'https://sns-avatar-qc.xhscdn.com/avatar/1040g2jo31bj9b9qv0e6g5ntsis208uv5hmr4jlo?imageView2/2/w/120/format/jpg', 'xsec_token': 'AB8H3JT7oyAFH93Mqaz__-gux8Bt2OtmU1jcxGmvIKVKo=', 'user_id': '5fbc97040000000001007be5', 'nickname': 'è‡¸èˆŸtsuki'}}, 'content': 'é£æ™¯æ²»æ„ˆä¸äº†ä½ ï¼Œçˆ±ä¸€å®šå¯ä»¥', 'at_users': [], 'like_count': '0', 'user_info': {'user_id': '63189d510000000015016574', 'nickname': 'é›¨é­‚', 'image': 'https://sns-avatar-qc.xhscdn.com/avatar/1040g2jo30rih74eai25g5ooojl8lapbkqpvmsgo?imageView2/2/w/120/format/jpg', 'xsec_token': 'AB1ehC3J2Oyay1MWNQlUo_eGaU_Yw4qeXsiyz3lEz5EaQ='}, 'show_tags': [], 'id': '67dabfd2000000001702869d', 'note_id': '67a36220000000001701e497', 'status': 0, 'liked': False, 'ip_location': 'äº‘å—'}]",67dabfd2000000001702869d,1,False
67a36220000000001701e497,67d66c29000000001800a3cd,,åˆšå…»çš„å°çŒ«æ‰ä¸‰ä¸ªæœˆå¤§ï¼Œå¥½æ€•æˆ‘æ­»äº†å®ƒåªèƒ½å»æµæµªæˆ–è€…é¥¿æ­»[å“­æƒ¹R]ç°åœ¨åªèƒ½ç†¬ç€ï¼Œå¾ˆéš¾å—äº†ç°åœ¨ï¼Œæˆ‘æƒ³ç€èƒ½æ‹–ä¸€å¤©æ˜¯ä¸€å¤©å§[å“­æƒ¹R]å®åœ¨ç†¬ä¸äº†äº†å°±ç»™çŒ«æ‰¾ä¸ªä¸»äººæˆ‘å†æ­»[å“­æƒ¹R][å“­æƒ¹R][å“­æƒ¹R]ç°åœ¨çœŸçš„å¾ˆéš¾å—[å“­æƒ¹R]æˆ‘çœŸçš„æƒ³å‡ºä¸ªè½¦ç¥¸ã€ç”Ÿä¸ªå¤§ç—…æˆ–è€…ç™Œç—‡ä»€ä¹ˆçš„æ²»ä¸å¥½çš„ç—…è®©æˆ‘æ­»å»[å“­æƒ¹R][å“­æƒ¹R][å“­æƒ¹R],å¹¿ä¸œ,0,1742105641000,Biscuit.,[],False,[],0,"[{'id': '67dac076000000001800a7bc', 'content': 'è¯•ç€å†æ´»ä¸€æ´»å§ï¼Œè™½ç„¶æˆ‘æ­¤åˆ»ä¹Ÿä¸å¥½å—[ç¬‘å“­R]', 'at_users': [], 'liked': False, 'like_count': '0', 'user_info': {'user_id': '63189d510000000015016574', 'nickname': 'é›¨é­‚', 'image': 'https://sns-avatar-qc.xhscdn.com/avatar/1040g2jo30rih74eai25g5ooojl8lapbkqpvmsgo?imageView2/2/w/120/format/jpg', 'xsec_token': 'AB1ehC3J2Oyay1MWNQlUo_eGaU_Yw4qeXsiyz3lEz5EaQ='}, 'show_tags': [], 'create_time': 1742389367000, 'ip_location': 'äº‘å—', 'note_id': '67a36220000000001701e497', 'status': 0, 'target_comment': {'user_info': {'xsec_token': 'ABQADHJ0ptIvvDk0dALQLyRrdME04BI81HbHiclzicKws=', 'user_id': '5fcb1b38000000000100b449', 'nickname': 'Biscuit.', 'image': 'https://sns-avatar-qc.xhscdn.com/avatar/1040g2jo31eie7nlvgu6g5nub3cs09d29ru7qmv0?imageView2/2/w/120/format/jpg'}, 'id': '67d66c29000000001800a3cd'}}]",67dac076000000001800a7bc,1,False
67a36220000000001701e497,67d628be0000000015006da1,,æˆ‘æ€•ç–¼,å¹¿ä¸œ,0,1742088383000,æ¨è‹—è‹—,[],False,[],0,[],,0,False
67a36220000000001701e497,67d5c66700000000150285e9,,æˆéƒ½çš„é›†åˆ,å››å·,0,1742063207000,æ‹¾ç ´çƒ‚çš„,[],False,[],0,"[{'user_info': {'user_id': '5c344fb000000000060193fd', 'nickname': 'å‘é˜³å—', 'image': 'https://sns-avatar-qc.xhscdn.com/avatar/62f087c2e6c82613e1d2d4c1.jpg?imageView2/2/w/120/format/jpg', 'xsec_token': 'ABqYqc-XRVP1-7q6HPp2TyimeqA5oTk9USXlTnIYVIK8w='}, 'id': '67d6fb530000000018012fcd', 'note_id': '67a36220000000001701e497', 'status': 0, 'content': 'åœ¨è¿™é‡Œ', 'like_count': '0', 'target_comment': {'id': '67d5c66700000000150285e9', 'user_info': {'user_id': '61b58891000000001000acc6', 'nickname': 'æ‹¾ç ´çƒ‚çš„', 'image': 'https://sns-avatar-qc.xhscdn.com/avatar/1040g2jo30r63tqka1k6g5odlh28k1b66u2gtge8?imageView2/2/w/120/format/jpg', 'xsec_token': 'ABd6yGtZhakd_y7NpYiamIlX8CB20tW_V8T9PdGlz4FUg='}}, 'at_users': [], 'liked': False, 'show_tags': [], 'create_time': 1742142291000, 'ip_location': 'å››å·'}]",67d6fb530000000018012fcd,1,False
67a36220000000001701e497,67d5670b0000000015029945,,ç—›è‹¦ï¼Œæƒ³è‘—æ€éº¼æ­»åˆè†½å°æˆ‘çœŸæ²’ç”¨,ä¸­å›½é¦™æ¸¯,0,1742038796000,æ˜¥å·,[],False,[],0,[],,0,False
67a36220000000001701e497,67d562020000000015000d15,,æ²¡é”™,å±±ä¸œ,0,1742037506000,å»æœˆçƒ,[],False,[],0,[],,0,False
67a36220000000001701e497,67d55f40000000001501729e,,è¯„è®ºåŒºå¤§å®¶æ€ä¹ˆéƒ½å¥½å¯æ€œï¼Œå¦‚æœä½ çœŸçš„æ’‘ä¸ä¸‹å»ï¼Œç§æˆ‘æˆ‘è½¬ä½ ä¸€ç¢—é¢é’±[æ‹¥æŠ±R]ï¼Œéƒ½è¦å¥½å¥½çš„,å®å¤,3,1742036801000,Monicaçš„ä¸‰ä¸‡å¤©ğŸ¦‹,[],False,[],0,"[{'at_users': [], 'liked': False, 'target_comment': {'id': '67d55f40000000001501729e', 'user_info': {'user_id': '5e7af40d000000000100451d', 'nickname': 'Monicaçš„ä¸‰ä¸‡å¤©ğŸ¦‹', 'image': 'https://sns-avatar-qc.xhscdn.com/avatar/1040g2jo313iqg3dc066g5njqug6g8h8t9hgvgoo?imageView2/2/w/120/format/jpg', 'xsec_token': 'AB2dojkeGN30aBm1PwKppK3S4pWmtk5Cfcyv7QJIhMiu0='}}, 'note_id': '67a36220000000001701e497', 'status': 0, 'content': 'ä½ çœŸå¥½ã€‚', 'like_count': '0', 'user_info': {'xsec_token': 'ABpaMCk60v63Q-gz8CitQW7ki6kAYMQghmCyUdHQTpCqQ=', 'user_id': '5b2738e24eacab272fbda043', 'nickname': 'Xierç­ä¸»ä»»', 'image': 'https://sns-avatar-qc.xhscdn.com/avatar/1040g2jo31c7ocdu60k004a6br8se5823omr9iu0?imageView2/2/w/120/format/jpg'}, 'show_tags': [], 'create_time': 1742380732000, 'ip_location': 'è¾½å®', 'id': '67da9ebc0000000017038e16'}]",67da9ebc0000000017038e16,1,False
67a36220000000001701e497,67d52c47000000000f03a25f,,æˆ‘ç°åœ¨å°±æ˜¯å¦‚å›¾çŠ¶æ€ã€‚æˆ‘ä¸èƒ½æ­»ï¼Œä½†ç”Ÿæ´»æ²¡ä»»ä½•ç›¼å¤´å’Œå¸Œæœ›äº†,æµ·å—,0,1742023752000,å°æé¾™ä¸æ˜¯çœŸæé¾™ğŸ¦–,[],False,[],0,"[{'liked': False, 'like_count': '1', 'user_info': {'user_id': '65886214000000001c03e258', 'nickname': 'å°çº¢è–¯65890752', 'image': 'https://sns-avatar-qc.xhscdn.com/avatar/1040g2jo314e2ovrtmi6g5pc8c8a77oioetdjb20?imageView2/2/w/120/format/jpg', 'xsec_token': 'AB50WtI87yagXNgOlLvSdb7f_2n-AcuUcA2XWfLJKKakA='}, 'show_tags': [], 'id': '67d53b7500000000150021d9', 'note_id': '67a36220000000001701e497', 'status': 0, 'at_users': [], 'target_comment': {'id': '67d52c47000000000f03a25f', 'user_info': {'xsec_token': 'ABGfFciVjh9A2PWdX7HMlaCBpSS1T5iCuK9QUCW0M0VRo=', 'user_id': '650da7fe0000000016038ffa', 'nickname': 'å°æé¾™ä¸æ˜¯çœŸæé¾™ğŸ¦–', 'image': 'https://sns-avatar-qc.xhscdn.com/avatar/1040g2jo3122hbnlfho005p8dkvv5n3vq9s4khho?imageView2/2/w/120/format/jpg'}}, 'content': 'æ¯ä¸ªäººä¸€ç”Ÿä¸­éƒ½ä¼šé‡åˆ°è¿™æ ·æˆ–é‚£æ ·çš„äº‹æƒ…ï¼Œé‡åˆ°äº†äº‹æƒ…æ²¡æœ‰å…³ç³»ï¼Œå¯ä»¥å»å°è¯•è§£å†³ï¼Œè¿™æ ·ä¸‹æ¬¡é‡åˆ°äº†å°±çŸ¥é“æ€è§£å†³äº†ï¼Œåˆå­¦åˆ°äº†æ–°çš„çŸ¥è¯†ï¼Œä½ çœ‹å¤šå¥½ï¼Œè¦å¹¸ç¦å“¦', 'create_time': 1742027637000, 'ip_location': 'é»‘é¾™æ±Ÿ'}]",67d53b7500000000150021d9,3,True
67a36220000000001701e497,67d4fa170000000015016650,,è·³å…¥å²©æµ†,æ²³å—,0,1742010903000,æ·‘å¥³å«šå«š,[],False,[],0,[],,0,False
67a36220000000001701e497,67d49eec0000000015014453,,è·³æµ·,å¹¿ä¸œ,2,1741987565000,ä¸€åªæ³¡æ³¡,[],False,[],0,[],,0,False
67a36220000000001701e497,67d47ec40000000017039587,,æˆ‘æƒ³Sï¼Œä½†ä¹Ÿä¸æƒ³ç»™ä»»ä½•äººé€ æˆä¼¤å®³å›°æ‰°ï¼Œç»™çˆ¸å¦ˆå‡†å¤‡äº†ä¸€ç¬”å…»è€é‡‘åæ­£ä»–ä»¬æœ¬æ¥å°±ä¸çˆ±æˆ‘åªæ˜¯ä¸ºäº†å…»è€ç”Ÿæˆ‘ï¼Œç»™ä»–ä»¬ç•™é’±ç®—æ˜¯ä¸¤æ¸…ï¼Œè‡ªSåœ¨å“ªé‡Œæ„Ÿè§‰éƒ½ä¸å¤ªå¥½å•Šï¼Œåœ¨å‡ºç§Ÿå±‹æ€•ç»™æˆ¿ä¸œé€ æˆæŸå¤±ï¼Œè·³louæ€•æ€•æŠŠå°åŒºæ‰€æœ‰äººçš„æˆ¿ä»·éƒ½æ‰“ä¸‹æ¥ï¼Œæˆ‘åœ¨æƒ³ä¸€ä¸ªäººå»çˆ¬å±±ï¼Œåˆæ€•å“åˆ°é©´å‹ï¼Œè€Œä¸”æˆ‘è€å®¶åœ¨äº‘å—æ€•åˆ°æ—¶å€™éº»çƒ¦æˆ‘å§è¿˜å¾—æ¥å¤–åœ°ç»™æˆ‘æ”¶å°¸[ç¬‘å“­R]ï¼Œæˆ‘å¤ªéš¾äº†,å¹¿ä¸œ,6,1741979332000,å°å–µå–µ,[],False,[],0,"[{'like_count': '1', 'user_info': {'nickname': '1111', 'image': 'https://sns-avatar-qc.xhscdn.com/avatar/1040g2jo31ejuttrpgk6g5ouj8b49t9fhvgo4hf0?imageView2/2/w/120/format/jpg', 'xsec_token': 'AB2b3VjMWGohSYjkvQw-i27dGEe3Bfd-DtlUENo2TkmYU=', 'user_id': '63d342c8000000002702a5f1'}, 'create_time': 1742208140000, 'ip_location': 'å¹¿è¥¿', 'id': '67d7fc8c0000000017032aff', 'status': 0, 'content': 'é“å¾·æ„Ÿå¤ªé«˜äº†[ç¬‘å“­R]è¯´æ˜è¿˜æ²¡åˆ°èµ°æŠ•æ— è·¯', 'at_users': [], 'target_comment': {'user_info': {'xsec_token': 'ABM0BuJxPwh124RrHOZQFxTKLFWrPMaCQg4_7cZ43agho=', 'user_id': '5b17d77011be101b0bb29e7a', 'nickname': 'å°å–µå–µ', 'image': 'https://sns-avatar-qc.xhscdn.com/avatar/1040g2jo31a2aba90n2004a60aqbn17jquobjjpg?imageView2/2/w/120/format/jpg'}, 'id': '67d47ec40000000017039587'}, 'note_id': '67a36220000000001701e497', 'liked': False, 'show_tags': []}]",67d7fc8c0000000017032aff,2,True
67a36220000000001701e497,67d443c3000000001802d990,,èº«è¾¹çš„æœ‹å‹éƒ½å¾ˆåŠªåŠ› ä¹Ÿéƒ½å¾€å¥½çš„æ–¹å‘å‘å±• æ›¿å¥¹ä»¬é«˜å…´ ä½†æ˜¯åˆå¾ˆéš¾è¿‡ è§‰å¾—è‡ªå·±ä¸€äº‹æ— æˆ æ²¡æœŸå¾… æ²¡å¸Œæœ› æ²¡æœªæ¥ æƒ³æ­» æ„Ÿè§‰æ­»äº†ä¸€åˆ‡é—®é¢˜éƒ½è§£å†³äº†,è¾½å®,1,1741964228000,ä¸æ»‘æ¤°å­æ±,[],False,[],0,[],,0,False
67a36220000000001701e497,67d3a9c1000000001702adc5,,äººæ˜¯ä¼šéƒéƒè€Œç»ˆçš„ï¼ŒæŠ‘éƒæ—¶é—´é•¿äº†èº«ä½“ä¼šå®æ‰,æ±Ÿè‹,3,1741924802000,å¤§æ©˜ä¸ºé‡,[],False,[],0,[],,0,False
67a36220000000001701e497,67d38ce700000000170280d3,,æ­¦æ±‰,æ¹–åŒ—,0,1741917416000,Lloyd,[],False,[],0,[],,0,False
67a36220000000001701e497,67d3862b000000000f03a263,,å†ä¹Ÿå—ä¸äº†ï¼Œä»Šå¹´å°±æ˜¯å°½å¤´,æ²³å—,1,1741915691000,æ·‘å¥³å«šå«š,[],False,[],0,[],,0,False
67a36220000000001701e497,67d2c35f0000000018028dfe,,æ˜¯çš„,å®‰å¾½,0,1741865823000,å—å¼­,[],False,[],0,[],,0,False
67a36220000000001701e497,67d277f80000000015000e2b,,åˆ«è¿™æ ·ä¹‹å‰æˆ‘åŒå‘æƒ…æ„Ÿéšœç¢ä¹Ÿå¾ˆæç«¯å¤©å¤©ä¸€æ ¹è„‘å¾˜å¾Šåæ¥ä¸€æ¬¡äº‹æ•…ç»™æˆ‘æ’æ¸…é†’äº†ï¼Œä¹‹åå¤©å¤©åƒè¯ä¸é—´æ–­è·‘åŒ»é™¢å¤ªç»æœ›äº†å¥å¥åº·åº·çš„å°±è¦æœ‰å¥å¥åº·åº·çš„æ´»æ³•æ´»çš„å¥½å¥½çš„è¿œç¦»å†…è€—æˆ‘ç°åœ¨å¥½æƒ³å›åˆ°å¥å¥åº·åº·çš„æ—¶å€™åšè‡ªå·±æƒ³åšçš„äº‹,é‡åº†,2,1741846520000,è€å©†.,[],False,[],0,[],,0,False
67a36220000000001701e497,67d261f4000000000f03883a,,æˆ‘æ´»ç€æ²¡ä»€ä¹ˆç›¼å¤´ï¼Œæ²¡æ­»çº¯ç²¹å› ä¸ºæ€•ç–¼ï¼Œè§‰å¾—è‡ªå·±å¾ˆè‹¦äº†ï¼Œç‹ ä¸ä¸‹å¿ƒä¼¤å®³è‡ªå·±ï¼Œå†…å¿ƒæƒ³æ­»ä½†çœŸçš„é¢å¯¹æ­»äº¡æ—¶åˆä¼šæœ‰æ±‚ç”Ÿçš„æœ¬èƒ½ã€‚å†…å¿ƒæ²¡æœ‰å½’å±æ„Ÿï¼Œå®¶é‡Œï¼Œå­¦æ ¡ï¼Œç¤¾ä¼šéƒ½æœ‰æˆ‘è®¨åŒæƒ³é€ƒé¿çš„åœ°æ–¹ã€‚å—å¤Ÿäº†å†…å¿ƒç»æœ›ï¼Œç—›è‹¦ï¼ŒæŒ£æ‰ï¼Œã€‚æˆ‘æ²¡é’±ï¼Œæ²¡å·¥ä½œï¼Œæ²¡èƒ½åŠ›ï¼Œæ²¡ç»éªŒï¼Œå¤´è„‘ç®€å•ï¼Œé•¿çš„ä¸‘ï¼Œæ€§æ ¼ä¸è®¨å–œï¼Œåœ¨å®¶ä¸ä½œä¸ºçš„çˆ¹ï¼Œæ‡¦å¼±çš„å¦ˆï¼Œå¯¹æˆ‘å„ç§æ‰“å‹ï¼Œæ²¡çˆ±æƒ…ï¼Œç°åœ¨æ¯•ä¸šäº†æœ‹å‹ä¹Ÿæ²¡äº†ï¼Œä»å°åˆ°å¤§æ´»ç€éƒ½å¾ˆç—›è‹¦ï¼Œè¿‡ç€ç©·å›°æ½¦å€’çš„ç”Ÿæ´»ï¼Œè¢«æ¬ºå‹çš„ç”Ÿæ´»ï¼Œè¢«é€¼åšè‡ªå·±ä¸å–œæ¬¢çš„äº‹ï¼Œç°åœ¨çš„æˆ‘ä¸æƒ³å½“ç‰›åšé©¬å•¦ï¼Œä¹Ÿä¸æƒ³å†çœ‹äººè„¸è‰²ï¼Œåªæƒ³å½“ä¸‹äº«å—ç”Ÿæ´»ï¼Œåœ¨èµ°æŠ•æ— è·¯çš„æ—¶å€™æŒ‘ä¸ªæ—¥å­ï¼Œæˆ–è€…ç­‰ä¸€åœºæ„å¤–çŒæ­»ï¼Œä¹Ÿè®¸æ­»äº†ä»–ä»¬ä¼šéª‚æˆ‘ï¼Œæˆ–è€…å¯æƒœï¼Œæˆ–è€…å‹æ ¹æ²¡è°åœ¨æ„æˆ‘ï¼Œä¼šæŠŠæˆ‘å¿˜äº†ï¼Œä½†ä¸é‡è¦äº†éƒ½ç»“æŸäº†ã€‚,è´µå·,4,1741840885000,å—·å‘œå—·å‘œ,[],False,[],3,"[{'status': 0, 'user_info': {'user_id': '65886214000000001c03e258', 'nickname': 'å°çº¢è–¯65890752', 'image': 'https://sns-avatar-qc.xhscdn.com/avatar/1040g2jo314e2ovrtmi6g5pc8c8a77oioetdjb20?imageView2/2/w/120/format/jpg', 'xsec_token': 'AB50WtI87yagXNgOlLvSdb7f_2n-AcuUcA2XWfLJKKakA='}, 'ip_location': 'é»‘é¾™æ±Ÿ', 'liked': False, 'like_count': '0', 'show_tags': [], 'create_time': 1742027864000, 'id': '67d53c580000000012017fc4', 'note_id': '67a36220000000001701e497', 'content': 'ä½ ä¸€å®šæœ‰å¾ˆå¤šä¼˜ç‚¹çš„ï¼Œå¤šæƒ³æƒ³è‡ªå·±å¥½çš„åœ°æ–¹ï¼Œä»¥åä¸€å®šä¼šè¶Šæ¥è¶Šå¥½çš„', 'at_users': [], 'target_comment': {'user_info': {'user_id': '643a7e70000000000d018369', 'nickname': 'å—·å‘œå—·å‘œ', 'image': 'https://sns-avatar-qc.xhscdn.com/avatar/1040g2jo30vqtoe87lo6g5p1qfpo3b0r9k7pagj8?imageView2/2/w/120/format/jpg', 'xsec_token': 'ABl6rNUAP-nYMRHYj9B8PzRL5C9uxwfpK20E4cvwljFE8='}, 'id': '67d261f4000000000f03883a'}}]",67d53c580000000012017fc4,1,False
67a36220000000001701e497,67d1ff3d000000001801ef68,,æˆ‘å»å¹´å¿ƒæƒ…è¿˜å¥½ä¸€äº›ï¼Œç”Ÿç—…äº†å»åšäº†æ‰‹æœ¯ï¼Œè¿™ä¸ªç—…éƒ½è¯´æœ‰å¤å‘çš„å¯èƒ½ï¼Œæˆ‘å°±ç­‰ç€å®ƒå¤å‘ï¼Œä¸å»æ²»ï¼Œæ…¢æ…¢ç†¬æ­»å¥½äº†ï¼Œä»Šå¹´ä¸€åˆ‡éƒ½çœŸçš„å¥½å´©æºƒ,æ²³å—,0,1741815613000,momo,[],False,[],0,[],,0,False
67a36220000000001701e497,67d1afa50000000017038b0e,,æ´»ç€ä¸å¼€å¿ƒæ­»åˆä¸æ•¢æ­»ï¼Œè‡ªæ®‹ä¹Ÿæ­»ä¸äº†,ç¦å»º,0,1741795238000,çˆ±åƒå°ç•ªèŒ„,[],False,[],0,[],,0,False
67a36220000000001701e497,67d1a6c200000000180056df,,è‹è€è€Œæ¯æ§çš„çµé­‚æ—©å·²åœ¨æœªé•¿å¤§æ—¶å°±å·²æ­»å»â€¦â€¦çœ¼å‰æ˜¯ä¸€æœ›æ— é™…çš„é»‘ï¼Œçœ‹ä¸è§å…‰äº®çœ‹ä¸æ¸…å¸Œæœ›ï¼Œæˆ‘ä»æœªå°†ä»»ä½•äººè§„åˆ’åœ¨æˆ‘çš„æœªæ¥åŒ…æ‹¬æˆ‘è‡ªå·±ã€‚å¤šå¹´çš„ç—›è‹¦ä¸ç…ç†¬ä½¿æˆ‘éº»æœ¨ï¼Œå¿ƒä¸Šçš„çŸ³å¤´ä¸çœ‹ä¸è§çš„æœªæ¥ã€‚æˆ‘èƒ½å»å“ªå‘¢ï¼Ÿæˆ‘è¿ˆå‡ºçš„æ¯ä¸€æ­¥éƒ½æ˜¯è¸©ç©ºï¼ä½†èƒ½æ€ä¹ˆåŠå‘¢ï¼ï¼Ÿæˆ‘è¿˜æ˜¯è¿™æ ·æœ‰ä¸€å¤©ç®—ä¸€å¤©å§ï¼Œç”Ÿå‘½å°±æ˜¯å¦‚æ­¤ ç—›è‹¦ä¹Ÿæ˜¯æˆ‘çš„å…¨éƒ¨å•Šã€ä¹Ÿè®¸æœ‰å¤©æˆ‘ä»¬å°±éƒ½å¥½èµ·æ¥äº†å‘¢[çº¢è‰²å¿ƒå½¢R]éƒ½åšæŒè¿™ä¹ˆå¤šå¹´äº†ä¹Ÿä¸å·®è¿™ä¸€å¹´ï¼åŠ æ²¹å“¦ğŸ‘ç”Ÿæ´»æ˜¯ä¸ªå°æ€ªç‰©ğŸ‘¿ä¸€èµ·æ‰“æ€ªå‡çº§å§ï¼ï¼ç­”åº”æˆ‘ä¸€å®šè¦å¥½å¥½å¾—ç…§é¡¾è‡ªå·±å“¦åˆ«åšå‚»äº‹å•Š[é£å»R],å±±ä¸œ,0,1741792963000,å¸ƒå¸ƒ,[],False,[],0,[],,0,False
67a36220000000001701e497,67d1584800000000170291d0,,æˆ‘å¸Œæœ›ä¸€ç¡ä¸èµ·ï¼Œåƒä¸€æ»´é›¨æ»´è½åœ¨å¤§åœ°ä¸Šï¼Œæ‚„æ— å£°æ¯ï¼Œä½†æ˜¯ä¸æƒ³è®©ç•™åœ¨ä¸–ä¸Šçš„äº²äººå› ä¸ºæˆ‘ç¦»å»ç—›è‹¦,å¹¿ä¸œ,2,1741772873000,å°çº¢è–¯6379883F,[],False,[],0,[],,0,False
67a36220000000001701e497,67d0df5c0000000015001a2c,,æœ‰æ²¡æœ‰ä¸€èµ·çš„,å†…è’™å¤,1,1741741917000,æ‰¿æ¡“çš„çœŸçˆ±ç²‰,[],False,[],0,"[{'note_id': '67a36220000000001701e497', 'user_info': {'user_id': '5dabe405000000000100bebb', 'nickname': 'å¥½æ¶ˆæ¯ä¸æ–­ï¼', 'image': 'https://sns-avatar-qc.xhscdn.com/avatar/1040g2jo31eqidnke6e005ndbsg2g9flri1k1vbo?imageView2/2/w/120/format/jpg', 'xsec_token': 'AB-wI6HYRb_fz-jzMECFc_Cnl-TYG4uKU8xn9M2ZFayhs='}, 'show_tags': [], 'create_time': 1741790135000, 'ip_location': 'åŒ—äº¬', 'target_comment': {'id': '67d0df5c0000000015001a2c', 'user_info': {'image': 'https://sns-avatar-qc.xhscdn.com/avatar/1040g2jo31ds86lq208504b0e191tdelp4iec2p0?imageView2/2/w/120/format/jpg', 'xsec_token': 'ABp5qZcnIt6DUW6k6RgN_0-5GMulyZ86LyAPb2kUFrBtE=', 'user_id': '5b9d03d6728bd900015bbab9', 'nickname': 'æ‰¿æ¡“çš„çœŸçˆ±ç²‰'}}, 'id': '67d19bb70000000017032757', 'status': 0, 'content': 'ä½ è‡ªå·±æ‹¿[doge]', 'at_users': [], 'liked': False, 'like_count': '0'}]",67d19bb70000000017032757,1,False
67a36220000000001701e497,67d04b840000000018018ea6,,ç¡®å®æ˜¯,é»‘é¾™æ±Ÿ,0,1741704068000,æ™´å¤©,[],False,[],0,[],,0,False
67a36220000000001701e497,67cff4d7000000001702aa2a,,æœ‰æ²¡æœ‰åŒipçš„,ç”˜è‚ƒ,0,1741681879000,åˆ«å·æˆ‘èŸ¹é»„å ¡ç§˜æ–¹,[],False,[],3,[],,0,False
67a36220000000001701e497,67cf0e44000000001802e0d4,,æ€ä¹ˆèµ°çš„å¿«å•Š,é‡åº†,0,1741622853000,momo,[],False,[],0,[],,0,False
67a36220000000001701e497,67cf07830000000018010708,,ä¸€èµ·,é»‘é¾™æ±Ÿ,0,1741621124000,éšé£å»å§,[],False,[],0,[],,0,False
67a36220000000001701e497,67ceecc9000000001201521b,,æ²¡ç›¼å¤´ï¼Ÿæˆ‘æƒ³æ´»éƒ½æ´»ä¸äº†å‘¢,å¹¿ä¸œ,1,1741614282000,å°˜èˆŸæ± ,[],False,[],0,"[{'like_count': '1', 'show_tags': [], 'ip_location': 'ç¦å»º', 'target_comment': {'user_info': {'user_id': '5eca8404000000000101c419', 'nickname': 'å°˜èˆŸæ± ', 'image': 'https://sns-avatar-qc.xhscdn.com/avatar/1040g2jo31ap0490v7i605nmagg20bh0pnfou6i8?imageView2/2/w/120/format/jpg', 'xsec_token': 'ABPHWou_nF77l5sAPmBimxrJwjfxyv1ZMIt1dn3y3O0To='}, 'id': '67ceecc9000000001201521b'}, 'content': 'æˆ‘å’Œä½ æ¢æ¢', 'liked': False, 'status': 0, 'at_users': [], 'user_info': {'user_id': '67304e4d000000001c01ba58', 'nickname': 'ç»å¯¹é›¶åº¦', 'image': 'https://sns-avatar-qc.xhscdn.com/avatar/1040g2jo31dv41rb9126g5ppg9p6n3eiov8ei4bg?imageView2/2/w/120/format/jpg', 'xsec_token': 'ABP-dqWGw3R5z43uqU66ukmO3DAlLd9SMi_cHjhEsbW-U='}, 'create_time': 1741690797000, 'id': '67d017ad0000000012015801', 'note_id': '67a36220000000001701e497'}]",67d017ad0000000012015801,5,True
67a36220000000001701e497,67cec1f8000000001703b0d3,,æˆ‘è¦æ˜¯ä¸å‡ºç”Ÿè¯¥å¤šå¥½,äº‘å—,7,1741603321000,å½¼å²¸èŠ±,[],False,[],0,[],,0,False
67a36220000000001701e497,67ce7408000000001801c8b8,,åæ­£æˆ‘è§‰å¾—æœ€çˆ½çš„æ­»æ³•å°±æ˜¯æˆ‘æ­£èµ°ç€ï¼Œçªç„¶è¢«ä¸€ä¸ªç¥ç»ç—…äººä¸€åˆ€ç æ­»äº†ï¼Œè¿™æ ·ä¸ä¼šæœ‰äººè§‰å¾—æ˜¯æˆ‘çš„é—®é¢˜ï¼Œç”šè‡³åŒæƒ…æˆ‘ï¼Œä¸å¤±å»ä»»ä½•ä¸œè¥¿è¾¾åˆ°ç›®æ ‡ï¼Œä¸è¿‡å‡ ç‡çœŸçš„å¤ªå°äº†ï¼Œæœ€å¥½è¢«ç çš„é‚£ä¸€å¤©æˆ‘è¿˜ç‰¹åˆ«å€’éœ‰ï¼ŒçŒæ­»ä»€ä¹ˆçš„ä¹Ÿæ˜¯å› ä¸ºæˆ‘ç†¬å¤œï¼Œä»èƒŒåçªç„¶çš„ä¸€åˆ€ï¼Œæ²¡æœ‰é˜²å¤‡çš„ä¸€åˆ€ï¼Œæˆ‘è¿˜æ²¡ååº”è¿‡æ¥å°±æ­»äº†ã€‚ä¸è¿‡çœŸçš„æœ‰äººè¿™ä¹ˆæ­»å—èƒ½ä¸èƒ½æŠŠè¿™æœºä¼šè®©ç»™æˆ‘[å‘ƒR],é™•è¥¿,10,1741583369000,ç™½è±†è…èŠ±,[],False,[],3,[],,0,False
67a36220000000001701e497,67ce6aeb0000000017039a9f,,ç­‰ä¸€ä¸ª,é»‘é¾™æ±Ÿ,0,1741581036000,éšé£å»å§,[],False,[],0,"[{'note_id': '67a36220000000001701e497', 'status': 0, 'content': 'è¥¿å®‰', 'target_comment': {'user_info': {'nickname': 'éšé£å»å§', 'image': 'https://sns-avatar-qc.xhscdn.com/avatar/1040g2jo31evgtveb6e6g5puecfujjmsa4436up0?imageView2/2/w/120/format/jpg', 'xsec_token': 'ABB6BO5iLvgGLvs9ttuXDZSrfSUSIMiW3-t1Qm3w6mMGs=', 'user_id': '67ce63fd000000000e01db8a'}, 'id': '67ce6aeb0000000017039a9f'}, 'id': '67ce81aa000000001800dd05', 'liked': False, 'like_count': '0', 'user_info': {'user_id': '66b64f62000000001d020d60', 'nickname': 'å°æ²‰æºº', 'image': 'https://sns-avatar-qc.xhscdn.com/avatar/1040g2jo31emq825u58005plm9th7c3b0n1ocdu0?imageView2/2/w/120/format/jpg', 'xsec_token': 'ABAg3-mJ2pjermbvpog7U_o9xTGvYaDo5syBP7O9I9_O0='}, 'show_tags': [], 'create_time': 1741586858000, 'ip_location': 'é™•è¥¿', 'at_users': []}]",67ce81aa000000001800dd05,2,True
67a36220000000001701e497,67cdd92e000000000f039c06,,æˆ‘åˆ°åº•è¦æ€ä¹ˆé¢å¯¹æœªæ¥ ä¸€æƒ³åˆ°æ´»ä¸‹å»å°±å¾—å¿˜è®°ä»¥å‰çš„äº‹æƒ…é‡æ–°å¼€å§‹å°±å¾ˆç»æœ› æƒ³å¿«ç‚¹è«åå…¶å¦™æ­»æ‰ æ‰¾ä¸åˆ°æ–¹æ³•,ç¦å»º,0,1741543726000,å–œæ¬¢çœ‹å—,[],False,[],0,[],,0,False
67a36220000000001701e497,67cdbc920000000015002a49,,åˆ°åº•æ€æ ·å¯ä»¥è„±ç¦»å®¶åº­ï¼Œä¸€ä¸ªäººç”Ÿæ´»ï¼Œæ²¡é’±,æ¹–åŒ—,4,1741536403000,è†æ¥šç™¾çµé¸Ÿ,[],False,[],0,"[{'status': 0, 'content': 'æˆ‘ä¹Ÿæƒ³è„±ç¦» æœ‰æ—¶å€™è§‰å¾—å¦‚æœè‡ªå·±ä¸€ä¸ªå­¤å„¿å°±å¥½äº† æ²¡æœ‰åœ¨çˆ±çš„ç¯å¢ƒä¸­æˆé•¿ä¸‹æ¥ è¿˜è¦è´Ÿèµ·ä»–ä»¬çš„ç—›è‹¦ å¥½ç´¯å•Š', 'at_users': [], 'liked': False, 'like_count': '2', 'user_info': {'image': 'https://sns-avatar-qc.xhscdn.com/avatar/1040g2jo31eu67qgvma6g5o226dr09bd320m89so?imageView2/2/w/120/format/jpg', 'xsec_token': 'ABRZSXnzuIWrDOmoSTlLwdoq0Jo4YQat1oku1jrLn33Ms=', 'user_id': '60423376000000000100ada3', 'nickname': 'momo'}, 'target_comment': {'id': '67cdbc920000000015002a49', 'user_info': {'image': 'https://sns-avatar-qc.xhscdn.com/avatar/1000g2jo2l5bgfiuio0605n3kh664c7qgbt2las0?imageView2/2/w/120/format/jpg', 'xsec_token': 'ABvBWLOZm41PpHzPj_SCO9tWuZdfqWL7ZhjQP_8641RyE=', 'user_id': '5c74898c0000000011021f50', 'nickname': 'è†æ¥šç™¾çµé¸Ÿ'}}, 'note_id': '67a36220000000001701e497', 'show_tags': [], 'create_time': 1741620811000, 'ip_location': 'å¹¿ä¸œ', 'id': '67cf064a0000000017029a1e'}]",67cf064a0000000017029a1e,1,False
67a36220000000001701e497,67cd86620000000018008549,,æƒ³è¦å¿ƒè„éª¤åœï¼Œæƒ³è¦æŠŠæˆ‘å‰©ä¸‹çš„å‘½ç»™éœ€è¦çš„äººï¼Œæƒ³è¦çŒæ­»ï¼Œéå¸¸æƒ³ï¼ŒçœŸçš„æ˜¯æ‹œæ‰˜äº†,é™•è¥¿,4,1741522531000,æ­£åœ¨åƒç¢§æ ¹æœ,[],False,[],0,"[{'content': 'è¥¿å®‰ğŸˆ¶å˜›', 'at_users': [], 'liked': False, 'show_tags': [], 'ip_location': 'é™•è¥¿', 'id': '67ce81b700000000180072f4', 'note_id': '67a36220000000001701e497', 'status': 0, 'target_comment': {'id': '67cd86620000000018008549', 'user_info': {'user_id': '5928289a6a6a69667df6aa47', 'nickname': 'æ­£åœ¨åƒç¢§æ ¹æœ', 'image': 'https://sns-avatar-qc.xhscdn.com/avatar/5928289a6a6a69667df6aa47.jpg?imageView2/2/w/120/format/jpg', 'xsec_token': 'ABvrE1XRtp77rALCLUw_F7QEI4klVBkC6XOMFIV7iwheQ='}}, 'like_count': '0', 'user_info': {'user_id': '66b64f62000000001d020d60', 'nickname': 'å°æ²‰æºº', 'image': 'https://sns-avatar-qc.xhscdn.com/avatar/1040g2jo31emq825u58005plm9th7c3b0n1ocdu0?imageView2/2/w/120/format/jpg', 'xsec_token': 'ABAg3-mJ2pjermbvpog7U_o9xTGvYaDo5syBP7O9I9_O0='}, 'create_time': 1741586872000}]",67ce81b700000000180072f4,2,True
67a36220000000001701e497,67cd7957000000001802a47a,,è¦ä¸æ˜¯è¿˜æœ‰å®¶äººï¼Œæˆ‘çœŸçš„æ‰¾ä¸ªæ²¡äººçš„åœ°æ–¹è·³äº†,å¹¿ä¸œ,4,1741519192000,ç­±ç­±star,[],False,[],0,[],,0,False
67a36220000000001701e497,67cd6efe000000000f03ba76,,éº»æœ¨çš„ä¸­å›½äººï¼æ™ºæ…§çš„ä¸­å›½äººï¼,å››å·,0,1741516542000,ä¸‰æ‹¼æœç›˜å‘€,[],False,[],3,[],,0,False
67a36220000000001701e497,67cd6eea0000000015003a6b,,å¦‚ä½•çœ‹å¾…è‡ªå·±åœ¨ç°å®ä¸­çŸ¥è¡Œä¸ä¸€è‡´å‘¢ï¼Œå¦‚ä½•çœ‹å¾…ç°å®ä¸­çš„ç—›è‹¦å‘¢ï¼Ÿè¿™äº›ä¸œè¥¿éƒ½ç­‰äº0ã€‚æ‰€ä»¥è™½ç„¶ä½ ç—›ï¼Œä½†æ˜¯å…¶å®ä¸å­˜åœ¨ã€‚,å››å·,1,1741516523000,ä¸‰æ‹¼æœç›˜å‘€,[],False,[],0,[],,0,False
67a36220000000001701e497,67cd6e4c000000001703bb59,,æˆ‘ä¹Ÿå¥½æƒ³çŒæ­»ã€‚å¿ƒæ¢—æˆ–è€…è„‘æ¢—ï¼Œä¸€ä¸‹å­å¿ƒè·³åœæ­¢ã€‚è§£è„±äº†ã€‚çœŸçš„è§£è„±äº†,å®å¤,4,1741516365000,å°çº¢è–¯6438F418,[],False,[],0,[],,0,False
67a36220000000001701e497,67cd6e3f0000000015004826,,ç»¼ä¸Šæ‰€è¯‰ï¼Œè‡ªæ€æ˜¯ä¸€ç§è®¤çŸ¥åå·®å¯¼è‡´çš„è¡Œä¸ºï¼Œè€Œæˆ‘è‡ªè®¤ä¸ºæœ‰ä¹‰åŠ¡çŸ«æ­£è®¤çŸ¥åå·®ï¼Œæ‰€ä»¥æˆ‘ä¸èµåŒè¿™ä¸ªè¡Œä¸ºã€‚,å››å·,1,1741516351000,ä¸‰æ‹¼æœç›˜å‘€,[],False,[],0,[],,0,False
67a36220000000001701e497,67cd6da3000000000f03a23c,,ä½ ä»¥ä¸ºä½ ç°åœ¨æ´»ç€ï¼Œå…¶å®ä½ å·²ç»æ­»å»äº†ï¼Œä½ çš„å½“ä¸‹è¿‡å»å’Œæœªæ¥éƒ½=0ï¼Œæ‰€ä»¥ï¼Œè‡ªç„¶æ˜¯ä¸å¿…å†äº§ç”Ÿä¸ªä½“è¡Œä¸ºå»è¿½æ±‚è¿™ä¸ª0ï¼Œä½ çš„è¡Œä¸ºè§„åˆ’æŒ‡å‘ç°å®çš„å…¶ä»–äº‹æƒ…ï¼Œæ˜¯èµ„æºçš„åˆç†é…ç½®,å››å·,2,1741516196000,ä¸‰æ‹¼æœç›˜å‘€,[],False,[],0,[],,0,False
67a36220000000001701e497,67cd6d640000000015016261,,æ‰€ä»¥ç»“è®ºå°±æ˜¯ï¼Œäººéƒ½ä¼šæ­»çš„ï¼Œä½†æ˜¯è¿™ä»¶äº‹ä¸éœ€è¦ä½ è‡ªå·±åŠ¨æ‰‹[å¾®ç¬‘R],å››å·,0,1741516133000,ä¸‰æ‹¼æœç›˜å‘€,[],False,[],0,[],,0,False
67a36220000000001701e497,67cd6d51000000000f038d95,,ä¸€ä¸ªæ›´åŠ ä¸­æ­£çš„å›ç­”æ˜¯ï¼Œè¶…è¶Šç”Ÿæ­»æ¥çœ‹ï¼Œè‡ªæ€=æ´»ç€=0ã€‚  ä½ è‡ªå·±é€‰æ‹©è‡ªæ€å±äºä½ è‡ªå·±çš„ä¸€ä¸ªè¡Œä¸ºç¨‹åºï¼Œç¨‹åºè¿è¡Œçš„ç»“æœ=0ã€‚ è€Œä½ çš„è¿™ä¸ªè¡Œä¸ºçš„æœºä¼šæˆæœ¬æ˜¯ï¼Œä½œä¸ºä¸€ä¸ªæ´»äººå»å¹²å…¶ä»–çš„äº‹ï¼Œå¯¹äºæˆ–è€…è¿™ä»¶äº‹æœ¬èº«ï¼Œå°±æ˜¯æœ‰æ•°å€¼çš„ã€‚,å››å·,0,1741516113000,ä¸‰æ‹¼æœç›˜å‘€,[],False,[],0,[],,0,False
67a36220000000001701e497,67cd6c680000000015007a06,,å‡å¦‚çµé­‚ä¸å­˜åœ¨ï¼Œæˆ‘æ˜¯ä¸ç›¸ä¿¡çš„[å¾®ç¬‘R]çœŸç›¸åªæœ‰ä¸€ä¸ªï¼Œä¸€ä¸ªå·¨å¤§çš„ç›‘æ§ç³»ç»Ÿã€‚é‚£ä¹ˆï¼Œè‡ªæ€è¡Œä¸ºå¯ä»¥ç†è§£ä¸ºä¸€æ¬¡å‘æ³„æƒ…ç»ªçš„å›é€†çš„å°è¯•ï¼Œä¹Ÿå¯ä»¥ç†è§£ä¸ºè¯•å›¾é€ƒè„±æ§åˆ¶çš„è‹±é›„å°è¯•ã€‚,å››å·,0,1741515881000,ä¸‰æ‹¼æœç›˜å‘€,[],False,[],0,[],,0,False
67a36220000000001701e497,67cd6bf6000000000f03acd9,,å‡å¦‚çµé­‚å­˜åœ¨ï¼Œä½†å¹¶æ— æˆé•¿è¿™ä»¶äº‹ï¼Œé‚£ä¹ˆå¯ä»¥ç†è§£ä¸ºï¼Œè‡ªæ€å’Œæ´»ç€çš„æœ¬è´¨éƒ½ä¸€æ ·ï¼Œåªæ˜¯æ ·å¼ä¸åŒ,å››å·,1,1741515766000,ä¸‰æ‹¼æœç›˜å‘€,[],False,[],0,[],,0,False
67a36220000000001701e497,67cd6bba0000000012014044,,å‡å¦‚çµé­‚å­˜åœ¨ï¼Œå¯ä»¥ç†è§£ä¸ºçµé­‚é€‰æ‹©ç™»å‡ºï¼Œè¿›ä¸€æ­¥å¯ä»¥ç†è§£ä¸ºçµé­‚å­¦ä¹ æŒæ§è‡ªæˆ‘ç”Ÿå‘½çš„ä¸€ä¸ªé‡Œç¨‹ç¢‘çš„å°è¯•,å››å·,0,1741515706000,ä¸‰æ‹¼æœç›˜å‘€,[],False,[],0,[],,0,False
67a36220000000001701e497,67cd6b2400000000150068ab,,è¿™é¡¹è¡Œä¸ºçš„æœ¬è´¨å’Œè‡ªç„¶æ­»äº¡æˆ–è€…ä»–æ€å¯¹äºä¸ªä½“æ¥è¯´ å…¶å®å…·æœ‰ç›¸åŒçš„æœ¬è´¨ å¯ä»¥ç†è§£ä¸ºä¸€ä¸ªç°å®å­˜åœ¨çš„ç»ˆç»“,å››å·,0,1741515557000,ä¸‰æ‹¼æœç›˜å‘€,[],False,[],0,[],,0,False
67a36220000000001701e497,67cd6ae200000000150172f9,,å½“ä½ æŠŠè‡ªæ€ä½œä¸ºä½ çš„å¾…åŠäº‹é¡¹ è¿™é¡¹è¡Œä¸ºå°±å’Œå…¶ä»–å¾…åŠæœ‰ä¸€ç§æœ¬è´¨çš„åŒºåˆ«,å››å·,0,1741515490000,ä¸‰æ‹¼æœç›˜å‘€,[],False,[],0,[],,0,False
67a36220000000001701e497,67cd6a59000000000f03040e,,äººæœ‰ä¸¤ç§æ­»æ³• ä¸€ç§æ˜¯è‡ªç„¶æ­»äº¡æˆ–è€…ä»–æ€ ä¸€ç§æ˜¯è‡ªå·±é€‰æ‹©å’Œæ‰§è¡Œçš„,å››å·,0,1741515353000,ä¸‰æ‹¼æœç›˜å‘€,[],False,[],3,[],,0,False
67a36220000000001701e497,67cd6a0200000000150023b6,,æœ‰äº›è®¤ä¸ºçµé­‚æ˜¯ä¸æ–­è¿›åŒ–çš„ï¼Œæœ‰äº›è®¤ä¸ºï¼Œäººä¸å­˜åœ¨çµé­‚ å“ªæˆ‘æ‰€æœŸå¾…çš„æ­»äº¡ç©¶ç«Ÿæ˜¯ä»€ä¹ˆå‘¢,å››å·,0,1741515267000,ä¸‰æ‹¼æœç›˜å‘€,[],False,[],0,[],,0,False
67a36220000000001701e497,67cd695d000000000f03bd3d,,é‚£ä¹ˆç”Ÿå’Œæ­»çš„åŒºåˆ«æ˜¯ä»€ä¹ˆï¼Ÿä»€ä¹ˆæ˜¯æ­»äº¡ï¼Ÿçµé­‚æ˜¯å¦‚ä½•è¿ä½œçš„ï¼Ÿ,å››å·,0,1741515102000,ä¸‰æ‹¼æœç›˜å‘€,[],False,[],0,[],,0,False
67a36220000000001701e497,67cd693d00000000150070d0,,é¦–å…ˆéœ€è¦ç¡®å®š æˆ‘çœŸçš„æƒ³æ­»å—,å››å·,0,1741515069000,ä¸‰æ‹¼æœç›˜å‘€,[],False,[],0,[],,0,False
67a36220000000001701e497,67cd68840000000012016d6b,,å¤§å¤šæ•°äººéƒ½å¹»æƒ³å¯ä»¥çªç„¶çš„æ— ç—›çš„æ¶ˆå¤±å°±åƒnpc ç™»å‡ºä¸€æ ·,å››å·,0,1741514885000,ä¸‰æ‹¼æœç›˜å‘€,[],False,[],0,[],,0,False
67a36220000000001701e497,67cd6826000000001500334f,,ä¸»è¦æ˜¯ä¸€èˆ¬éƒ½ä¸ä¼šæŠŠè‡ªæ€åˆ—å…¥è®¡åˆ’é‡Œé¢[æš—ä¸­è§‚å¯ŸR]æ“ä½œèµ·æ¥å°±å¾ˆéº»çƒ¦äº† å½“ç„¶ä¹Ÿæœ‰å†²åŠ¨æ‰§è¡Œçš„,å››å·,1,1741514791000,ä¸‰æ‹¼æœç›˜å‘€,[],False,[],0,[],,0,False
67a36220000000001701e497,67cd6788000000000f038437,,è¦æ­»ä¸æ´»æ‰æ˜¯äººç”Ÿçš„å¸¸æ€[æš—ä¸­è§‚å¯ŸR],å››å·,0,1741514632000,ä¸‰æ‹¼æœç›˜å‘€,[],False,[],0,[],,0,False
67a36220000000001701e497,67cd6767000000001500719b,,å¤§å¤šæ•°äººä¸è¿‡å°±æ˜¯è¿æƒ³æ­»éƒ½æ²¡æœ‰è¡ŒåŠ¨åŠ›[æš—ä¸­è§‚å¯ŸR],å››å·,0,1741514599000,ä¸‰æ‹¼æœç›˜å‘€,[],False,[],0,[],,0,False
67a36220000000001701e497,67cd43fe0000000015007988,,æœ‰æ²¡æœ‰ä¸€èµ·çš„,å†…è’™å¤,0,1741505534000,æ‰¿æ¡“çš„çœŸçˆ±ç²‰,[],False,[],0,[],,0,False
67a36220000000001701e497,67cc39b00000000015017a28,,é—å˜±æˆ‘éƒ½æƒ³å¥½äº†è™½ç„¶ä¹Ÿæ²¡æœ‰ä»€ä¹ˆé’±ï¼Œä½†æ˜¯ä»…æœ‰çš„å¸Œæœ›éƒ½ç•™ç»™å®¶äºº   æ´»ç€å¥½ç´¯,é»‘é¾™æ±Ÿ,1,1741437361000,å¼ é¥±é¥± sen,[],False,[],3,"[{'id': '67d1c72d000000000f03163c', 'status': 0, 'user_info': {'image': 'https://sns-avatar-qc.xhscdn.com/avatar/1040g2jo31aj9jhu96m6g5o86a2rg8q9kfh4qesg?imageView2/2/w/120/format/jpg', 'xsec_token': 'AB6mIr65Z8ec-Ler6HRIJx_OU1iS57RdRW-ATUOI9ZBSI=', 'user_id': '610650b70000000001006934', 'nickname': 'æ˜Ÿæ˜Ÿ'}, 'show_tags': [], 'create_time': 1741801262000, 'ip_location': 'å¹¿ä¸œ', 'note_id': '67a36220000000001701e497', 'content': 'ä¸€æ ·[å“­æƒ¹R]', 'at_users': [], 'liked': False, 'like_count': '0', 'target_comment': {'id': '67cc39b00000000015017a28', 'user_info': {'user_id': '5dfdae0b00000000010093f7', 'nickname': 'å¼ é¥±é¥± sen', 'image': 'https://sns-avatar-qc.xhscdn.com/avatar/1040g2jo30uee4rvf566g5nftlo5g94vnv056nho?imageView2/2/w/120/format/jpg', 'xsec_token': 'ABZ3666h42BLCkyZ7OAd8kaGg75R59MFbQ1Q1GpiP0Jpw='}}}]",67d1c72d000000000f03163c,2,True
67a36220000000001701e497,67cc26b20000000018018acd,,æˆ‘æƒ³å¹¸ç¦å¿«ä¹çš„æ´»ç€ï¼Œä½†æ˜¯åªèƒ½å­¤ç‹¬æŠ‘éƒçš„æ´»ç€,æ¹–åŒ—,1,1741432499000,ä¸å‡è‚¥æˆåŠŸä¸æ”¹å,[],False,[],0,[],,0,False
67a36220000000001701e497,67cc20710000000015017b19,,æˆ‘ä»å‡ºç”Ÿå°±æ²¡å¿«ä¹è¿‡å¤ªå¤šæ—¥å­ï¼Œæ­»åœ¨æˆ‘çˆ¸å¦ˆå‰é¢è¿˜æ˜¯æˆ‘çš„ç¦æŠ¥äº†,å¤©æ´¥,2,1741430898000,ï¼ (ï¿£-ï¿£)ï¼ ,[],False,[],0,[],,0,False
67a36220000000001701e497,67cc03470000000018028708,,å“å“å“ ä¸€ä¸ªè€ƒå…¬äººçœ‹åˆ°æ³ªç›®äº† çœŸçš„æ˜¯æ¯å¤©ç”Ÿä¸å¦‚æ­» [å“­æƒ¹R]æ„Ÿè§‰è‡ªå·±çš„äººç”Ÿå¿«å®Œè›‹äº†  å¤§ç¯å¢ƒä¸‹æ‰¾ä¸åˆ°åˆé€‚çš„å·¥ä½œ ä½†æ˜¯è€ƒè¯•åˆæ²¡æœ‰äººå®¶å·æ²¡äººå®¶èªæ˜ çœŸçš„å¥½éš¾ å‡ åƒå…¬é‡Œæ¥åˆ°å¹¿ä¸œè¿›å‚èµšå®Œé’±åˆå·å·å¤‡è€ƒ    é©¬ä¸Šè¦è€ƒè¯• ä¸‡ä¸€è€ƒä¸ä¸Šå¯å’‹æ•´ åˆæ²¡å·¥ä½œ åˆç»™å®¶é‡Œè’™ç¾äº†  (-_-) zæˆ‘çœŸçš„ç´¯äº†[å“­æƒ¹R][å“­æƒ¹R],å¹¿ä¸œ,1,1741423431000,momo,[],False,[],0,[],,0,False
67a36220000000001701e497,67cbf016000000001800932e,,å¥½æƒ³æ­»,é™•è¥¿,2,1741418519000,æ —æ¸…,[],False,[],0,[],,0,False
67a36220000000001701e497,67cbdae80000000018015551,,å–äº†ç™¾è‰æ¯çœŸçš„ä¼šæ­»å—,æµ™æ±Ÿ,0,1741413097000,ç®€ç®€å•å•,[],False,[],0,"[{'id': '67cd06250000000018006732', 'liked': False, 'create_time': 1741489702000, 'show_tags': [], 'ip_location': 'ä¸Šæµ·', 'note_id': '67a36220000000001701e497', 'status': 0, 'content': 'ä¼šæ­»ï¼Œä½†æ˜¯è¿‡ç¨‹å¤ªç—›è‹¦ï¼Œåƒä¸‡ä¸è¦ï¼Œå¥½å¥½æ´»ç€', 'at_users': [], 'like_count': '1', 'user_info': {'user_id': '58f32a6e6a6a6928ec4d7cb3', 'nickname': 'å°å°NanğŸ€', 'image': 'https://sns-avatar-qc.xhscdn.com/avatar/58f32a6e6a6a6928ec4d7cb3.jpg?imageView2/2/w/120/format/jpg', 'xsec_token': 'AB27Nm4b3cuuM_-YpWnJKMGdAQS-sxZGeVYY1ZHXVHkZ0='}, 'target_comment': {'id': '67cbdae80000000018015551', 'user_info': {'user_id': '6167cd2a0000000002018f8b', 'nickname': 'ç®€ç®€å•å•', 'image': 'https://sns-avatar-qc.xhscdn.com/avatar/637a0d2717e05114bd0ed4eb.jpg?imageView2/2/w/120/format/jpg', 'xsec_token': 'ABeIwf-IrlRNcEQHGK8bx2CAEpts5WC8JrYaBXipmflIo='}}}]",67cd06250000000018006732,2,True
67a36220000000001701e497,67cbd7100000000017029623,,æ‰€ä»¥æˆ‘åº”è¯¥æ€ä¹ˆåŠæ‰èƒ½è®©è‡ªå·±å¥½è¿‡ä¸€ç‚¹,å®‰å¾½,0,1741412112000,å¹ºå¹º,[],False,[],0,"[{'target_comment': {'user_info': {'image': 'https://sns-avatar-qc.xhscdn.com/avatar/1040g2jo31bpththigm505pcrind8ijlbccgn7po?imageView2/2/w/120/format/jpg', 'xsec_token': 'ABIwec5I36H_mhq_1Atf3xrBd_mm2B3g_cK4UpsN4gWnk=', 'user_id': '659b95da0000000022014eab', 'nickname': 'å¹ºå¹º'}, 'id': '67cbd7100000000017029623'}, 'content': 'ä½ é•¿è¿™ä¹ˆæ¼‚äº®å¥½å¥½æ´»ç€ï¼[æ‹¥æŠ±R][æ‹¥æŠ±R]', 'at_users': [], 'like_count': '0', 'user_info': {'image': 'https://sns-avatar-qc.xhscdn.com/avatar/1040g2jo31a0qdk9cni5g5nlodceg8efdot5llao?imageView2/2/w/120/format/jpg', 'xsec_token': 'AByGfodiq1ZzajS9vbLdqMjd3OKopUhlIxsLzvnp5qlI8=', 'user_id': '5eb86b1d00000000010039ed', 'nickname': 'å‡Œ'}, 'show_tags': [], 'create_time': 1742087892000, 'ip_location': 'å¹¿ä¸œ', 'id': '67d626d40000000015017d8b', 'note_id': '67a36220000000001701e497', 'status': 0, 'liked': False}]",67d626d40000000015017d8b,2,True
67a36220000000001701e497,67cbb92b000000001702b845,,ä»€ä¹ˆéƒ½ä¸è¦æƒ³ï¼Œåªæƒ³ç€äººç”Ÿè¿™ä¸€è¶Ÿä¸è¿‡æ˜¯æ¥ä½“éªŒçš„ï¼Œè®©è‡ªå·±è½»æ¾æ„‰å¿«çš„æ´»ç€ï¼Œèƒ½è¿‡å¥½ä¸€å¤©æ˜¯ä¸€å¤©ï¼Œæˆ‘å¼€å¿ƒå°±å¥½å…¶ä»–ä¸é‡è¦,æµ·å—,0,1741404459000,å¼€å¿ƒå°±å¥½,[],False,[],0,[],,0,False
67a36220000000001701e497,67cb65d1000000001800bac4,,é‡åˆ°äº†äº‹æ•…å·®ç‚¹æ­»äº†åˆæ²¡æ­»ï¼Œæ´»ç€çƒ‚æ‘Šå­ä¸€å †ï¼Œæ„Ÿè§‰è¿˜ä¸å¦‚æŠŠæˆ‘æ’æ­»äº†ç—›å¿«,ç¾å›½,0,1741383122000,Meghan,[],False,[],0,[],,0,False
67a36220000000001701e497,67cb032d000000001800f4d1,,æˆ‘æ´»ä¸ä¸‹å»äº†[å“­æƒ¹R][å“­æƒ¹R],å±±ä¸œ,3,1741357870000,å†°é›ªå¥‡ç¼˜,[],False,[],0,"[{'at_users': [], 'ip_location': 'æ¹–åŒ—', 'content': 'æˆ‘ä¹Ÿæ´»ä¸ä¸‹å»äº†ï¼Œæˆ‘æ˜¨å¤©æœ¬æ¥è¦å»è·³æ¥¼äº†ï¼Œä½†æ˜¯åé¢ä¸çŸ¥é“ä¸ºå•¥åˆç»™æˆ‘æ‹¦ä½äº†ï¼Œæˆ‘å¥½ç—›è‹¦å¥½ç—›è‹¦ï¼Œæˆ‘æ­»ä¸äº†ä¹Ÿæ´»ä¸ä¸‹å»ï¼ŒçœŸçš„å¥½ç—›è‹¦ï¼ŒçœŸçš„æ´»ä¸ä¸‹å»äº†æ€ä¹ˆåŠï¼Ÿ', 'liked': False, 'like_count': '2', 'user_info': {'image': 'https://sns-avatar-qc.xhscdn.com/avatar/1040g2jo31aphs477n2605p4h98rn59tn42999qo?imageView2/2/w/120/format/jpg', 'xsec_token': 'ABVVwM5JrLgJ17jT3C4exUA-CMynmhvNP7ph9vYoHHz0U=', 'user_id': '64914a37000000001c02a7b7', 'nickname': 'asha'}, 'show_tags': [], 'id': '67cd39b6000000001802f04e', 'note_id': '67a36220000000001701e497', 'status': 0, 'create_time': 1741502903000, 'target_comment': {'user_info': {'nickname': 'å†°é›ªå¥‡ç¼˜', 'image': 'https://sns-avatar-qc.xhscdn.com/avatar/1040g2jo312hh4blr76505p7lh61gi4hbmihjsn8?imageView2/2/w/120/format/jpg', 'xsec_token': 'AB3BBvpBwxJsuFcz4cKQNTsfAO8vxQecc904-OfUDH0YY=', 'user_id': '64f58983000000000201122b'}, 'id': '67cb032d000000001800f4d1'}}]",67cd39b6000000001802f04e,2,True
67a36220000000001701e497,67caecd4000000001500116a,,å¤Ÿç”¨,ä¸Šæµ·,0,1741352148000,åº¦,[],False,[],0,[],,0,False
67a36220000000001701e497,67cae532000000001802a3dd,,ç»å¸¸ä¼šæƒ³ï¼Œä¸ºä»€ä¹ˆæƒ³æ´»éƒ½æ´»ä¸äº†ï¼Œæ€»ä¼šç¢°åˆ°é‚£ç§æ„å¤–çš„äº‹æ•… ä¸æƒ³æ´»çš„å´å¾ˆå®‰å…¨çš„æ´»åˆ°ç°åœ¨ã€‚,æ±Ÿè‹,4,1741350194000,è›‹ç³•å·æ³¡èŠ™ææ‹‰ç±³è‹è±†ä¹³ç›’å­,[],False,[],0,"[{'create_time': 1741353884000, 'ip_location': 'å±±ä¸œ', 'target_comment': {'id': '67cae532000000001802a3dd', 'user_info': {'user_id': '652141d90000000024015ae8', 'nickname': 'è›‹ç³•å·æ³¡èŠ™ææ‹‰ç±³è‹è±†ä¹³ç›’å­', 'image': 'https://sns-avatar-qc.xhscdn.com/avatar/1040g2jo31eq55mljmg5g5p9187cp2mn85i6qk2o?imageView2/2/w/120/format/jpg', 'xsec_token': 'ABpv4sGc8TavqbK8C9ZqmSQ6xaUn445AFj41D13BKSWH8='}}, 'status': 0, 'at_users': [], 'user_info': {'user_id': '658a7db6000000001f039e12', 'nickname': 'momo', 'image': 'https://sns-avatar-qc.xhscdn.com/avatar/1040g2jo31f808fvs66505pcafmr7v7gi5k895ao?imageView2/2/w/120/format/jpg', 'xsec_token': 'ABKDNrd05BbwdbCFW_e2S_FgBd8H-GrTD8JEXYxIYoN_Y='}, 'liked': False, 'like_count': '1', 'show_tags': [], 'id': '67caf39b000000001702b83b', 'note_id': '67a36220000000001701e497', 'content': 'æˆ‘è§‰å¾—æˆ‘èƒ½æ’‘åˆ°ç°åœ¨çœŸçš„æŒºç‰›çš„ï¼Œåˆä¸­æŠ‘éƒæ²¡äººç®¡ï¼Œæ¯å¤©æ™šä¸Šåœ¨æ³ªæ°´é‡Œç¡ç€ï¼Œå®³æ€•æ˜å¤©æ‰€ä»¥å–œæ¬¢ä¸Šäº†ç†¬å¤œã€‚é«˜ä¸­è„‘é›¾ä¸¥é‡å¥½å¤šæ¬¡å´©æºƒï¼Œå¿ä¸ä½å‘ä¸ªæœ‹å‹åœˆè¢«å®¶é‡Œäººè¯´ä½ å°±æ˜¯è£…ï¼Œåæ¥å†ä¹Ÿæ²¡å‘è¿‡ï¼Œç”¨æ—¥è®°å‘æ³„ã€‚ç„¦è™‘åˆ°å‘•åå¿ƒæ…Œæ„ä¹±ï¼Œæš´é¥®æš´é£Ÿï¼Œæœ‰æ—¶å€™æƒ³æ–­å¼€æ‰€æœ‰çš„äººè‡ªå·±ç¦»å¼€ã€‚è¢«è‡ªå·±äº²å¦¹å¦¹éª‚æˆ‘è¿™ç§äººæ€ä¹ˆæ€ä¹ˆæ ·ï¼Œæˆ‘å¾ˆæ‡µï¼Œæˆ‘æ˜¯ä»€ä¹ˆäººï¼Ÿæˆ‘éƒ½ä¸æ¸…æ¥šæˆ‘æ˜¯ä»€ä¹ˆäººï¼Œæˆ‘åªçŸ¥é“æˆ‘ä»æ¥æ²¡å¯¹ä¸ä½ä»–ä»¬ï¼Œä»æ¥ä¸ä¼šä¸»åŠ¨ç´¢æ±‚ä»€ä¹ˆåƒçš„ç”¨çš„ï¼Œç¡¬å¡ç»™æˆ‘æˆ‘æ‹’ç»è¿˜è¦è¢«è¯´æˆ‘å¾ˆæ€ªã€‚è‡ªå·±å¿ƒæƒ…ä¸å¥½æ²¡æ°”è‰²è¿˜è¦è¢«è¯´ç”©è„¸å­ã€‚æ¥åˆ°è¿™ä¸ªä¸–ç•Œä¸Šå¯èƒ½å°±æ˜¯æŠ¥åº”ï¼Œæˆ‘è¿˜æ˜¯å¸Œæœ›æˆ‘èƒ½æŠŠè‡ªå·±æ‹‰ä¸Šæ¥ã€‚'}]",67caf39b000000001702b83b,4,True
67a36220000000001701e497,67cacd8800000000180104f7,,å¦‚æœèƒ½å¾—ä¸€ä¸ªç™Œç—‡å¾ˆå¿«æ­»å»çš„é‚£ç§ä¸ç—›ä¸ç—’çš„æˆ‘ä¹Ÿæ„¿æ„[å¾®ç¬‘R],æ²³å—,1,1741344137000,in,[],False,[],0,"[{'id': '67d877ce000000001801ecd3', 'like_count': '0', 'user_info': {'user_id': '5a2dd9e54eacab28378df96b', 'nickname': 'è½»èˆŸå·²è¿‡ä¸‡é‡å±±', 'image': 'https://sns-avatar-qc.xhscdn.com/avatar/1040g2jo30ounmk2lk0004a06v2cububbs521on8?imageView2/2/w/120/format/jpg', 'xsec_token': 'ABIf0Q-6QW14-s78cF_h8mUetEYpsWMDz3LKazYDMoovE='}, 'show_tags': [], 'create_time': 1742239695000, 'ip_location': 'å››å·', 'note_id': '67a36220000000001701e497', 'status': 0, 'content': 'æˆ‘å¦ˆå°±æ˜¯ç™Œç—‡åæœŸç—›è‹¦çš„å¾ˆå‡ ä¸ªæœˆéƒ½ç–¼', 'at_users': [], 'liked': False, 'target_comment': {'id': '67cacd8800000000180104f7', 'user_info': {'user_id': '66eba995000000001d021430', 'nickname': 'in', 'image': 'https://sns-avatar-qc.xhscdn.com/avatar/1040g2jo31f62c7nmm6005pnbl6anc51gb5e23g0?imageView2/2/w/120/format/jpg', 'xsec_token': 'ABi5jfUf6LxNg0EuwXY4IrskeWCaxB5q4kgzJO-Vv9ZTs='}}}]",67d877ce000000001801ecd3,1,False
67a36220000000001701e497,67caca75000000001801d0ab,,è®©æˆ‘æ­»äº†å§ çœŸçš„æ´»å¤Ÿäº† å·²ç»æ²¡å¸Œæœ›äº†,ç”˜è‚ƒ,8,1741343350000,ğŸ¿,[],False,[],0,"[{'note_id': '67a36220000000001701e497', 'status': 0, 'liked': False, 'user_info': {'image': 'https://sns-avatar-qc.xhscdn.com/avatar/1040g2jo31f62c7nmm6005pnbl6anc51gb5e23g0?imageView2/2/w/120/format/jpg', 'xsec_token': 'ABi5jfUf6LxNg0EuwXY4IrskeWCaxB5q4kgzJO-Vv9ZTs=', 'user_id': '66eba995000000001d021430', 'nickname': 'in'}, 'id': '67cacd2b0000000018012a7c', 'at_users': [], 'like_count': '3', 'show_tags': [], 'create_time': 1741344044000, 'ip_location': 'æ²³å—', 'target_comment': {'id': '67caca75000000001801d0ab', 'user_info': {'nickname': 'ğŸ¿', 'image': 'https://sns-avatar-qc.xhscdn.com/avatar/1000g2jo2j9c2r26j806g5nu3plr082of0s0cuk8?imageView2/2/w/120/format/jpg', 'xsec_token': 'AB_pkDHi-fMvefK9223EFMNUqp8d_IE5eJDojnvjgM4NI=', 'user_id': '5fc3cd760000000001000b0f'}}, 'content': 'æˆ‘ä¹Ÿæ˜¯[å“­æƒ¹R][å“­æƒ¹R]æ ¹æœ¬æ²¡æœ‰åœ¨ä¹çš„äºº æ¯å¤©å°±åªæœ‰ä¸Šç­ è¿˜æ‰£é’±è¢«è¯´çœ‹è„¸è‰²ä¸€ä¸ªæœˆä¸‰åƒéƒ½ä¸å¤Ÿè‡ªå·±æ´»çš„ æ²¡äººå…³å¿ƒè‡ªå·± å¹³å¸¸è¿ä¸ªè¯´è¯çš„äººéƒ½æ²¡[å“­æƒ¹R]'}]",67cacd2b0000000018012a7c,3,True
67a36220000000001701e497,67caca4b000000001702a8f2,,çœŸçš„ä¼šæœ‰äººç‰¹åˆ«å–œæ¬¢æ´»ç€å—ï¼Œæˆ‘å¥½è®¨åŒæ¯å¤©èµ·åºŠå·¥ä½œåƒé¥­ç¡è§‰ï¼Œå‡ºå»ç©ä¹Ÿåªæ˜¯å“„æœ‹å‹å¼€å¿ƒï¼Œç°åœ¨å”¯ä¸€çš„ç›¼å¤´å°±æ˜¯èµ¶ç´§æˆå¹´å»çŒ®è¡€ï¼ŒçŒ®æ»¡ä¸€å‡å°±å¥–åŠ±è‡ªå·±å»æ­»,å¤©æ´¥,2,1741343308000,ä¸€å‡ ,[],False,[],0,"[{'ip_location': 'å››å·', 'target_comment': {'id': '67caca4b000000001702a8f2', 'user_info': {'user_id': '61051c6d0000000001014a8e', 'nickname': 'ä¸€å‡ ', 'image': 'https://sns-avatar-qc.xhscdn.com/avatar/1040g2jo316i676h6he605o853hmgaikeb6nigho?imageView2/2/w/120/format/jpg', 'xsec_token': 'AB1f6z8lUvE9Kctrb3m-dagr52jm1vKya3UPs0IDynoJ8='}}, 'note_id': '67a36220000000001701e497', 'status': 0, 'liked': False, 'user_info': {'xsec_token': 'ABIf0Q-6QW14-s78cF_h8mUetEYpsWMDz3LKazYDMoovE=', 'user_id': '5a2dd9e54eacab28378df96b', 'nickname': 'è½»èˆŸå·²è¿‡ä¸‡é‡å±±', 'image': 'https://sns-avatar-qc.xhscdn.com/avatar/1040g2jo30ounmk2lk0004a06v2cububbs521on8?imageView2/2/w/120/format/jpg'}, 'show_tags': [], 'create_time': 1742239847000, 'id': '67d87867000000001801980a', 'content': 'ä¸ºä»€ä¹ˆè¿˜æ²¡æœ‰æˆå¹´ç”Ÿæ´»å°±æ²¡æœ‰ç›¼å¤´.çˆ¶æ¯ä¸çˆ±ä½ å—', 'at_users': [], 'like_count': '0'}]",67d87867000000001801980a,3,True
67a36220000000001701e497,67cac969000000001802d070,,æ€ä¹ˆæœ‰è¿™ä¹ˆå¤šä¸æƒ³æ´»çš„ğŸ˜«,æ¹–å—,4,1741343081000,å°æ©™å­ğŸŠ,[],False,[],0,"[{'liked': False, 'user_info': {'user_id': '66eba995000000001d021430', 'nickname': 'in', 'image': 'https://sns-avatar-qc.xhscdn.com/avatar/1040g2jo31f62c7nmm6005pnbl6anc51gb5e23g0?imageView2/2/w/120/format/jpg', 'xsec_token': 'ABi5jfUf6LxNg0EuwXY4IrskeWCaxB5q4kgzJO-Vv9ZTs='}, 'note_id': '67a36220000000001701e497', 'content': 'æˆ‘ä»¬éƒ½æ˜¯æœç´¢è¿‡æ¥çš„[å“­æƒ¹R]', 'at_users': [], 'like_count': '14', 'show_tags': [], 'create_time': 1741344086000, 'ip_location': 'æ²³å—', 'target_comment': {'id': '67cac969000000001802d070', 'user_info': {'nickname': 'å°æ©™å­ğŸŠ', 'image': 'https://sns-avatar-qc.xhscdn.com/avatar/1040g2jo314oob0e2146g5o16jsk082u59v0u670?imageView2/2/w/120/format/jpg', 'xsec_token': 'ABPxfKWxMkwQx_gc1vG64Kfy0agp2VEtK6vy6jW_RYsac=', 'user_id': '60269f280000000001000bc5'}}, 'id': '67cacd56000000001801b35c', 'status': 0}]",67cacd56000000001801b35c,6,True
67a36220000000001701e497,67ca5d710000000018015531,,æƒ³stä½†æˆ‘æ²¡åœ°æ–¹,æ¹–åŒ—,0,1741315442000,å®‰ç¬™,[],False,[],0,"[{'id': '67caa557000000001800a8fd', 'note_id': '67a36220000000001701e497', 'like_count': '0', 'show_tags': [], 'create_time': 1741333848000, 'ip_location': 'å¹¿ä¸œ', 'target_comment': {'id': '67ca5d710000000018015531', 'user_info': {'xsec_token': 'ABVAALNNguW6KsOpiin1lcjDm3NjkuMvkGm4hWRfiGAXM=', 'user_id': '5a45833a4eacab6503dfc94b', 'nickname': 'å®‰ç¬™', 'image': 'https://sns-avatar-qc.xhscdn.com/avatar/1040g2jo31f3140be6ad04a0htj1jliabkkqvpv0?imageView2/2/w/120/format/jpg'}}, 'status': 0, 'content': 'ä¸€èµ·', 'at_users': [], 'liked': False, 'user_info': {'nickname': 'ã…¤', 'image': 'https://sns-avatar-qc.xhscdn.com/avatar/1040g2jo31en7l7mh5i005prq17163tgmidtoako?imageView2/2/w/120/format/jpg', 'xsec_token': 'AB8SMuKD0p_6Sl7ddsNyV-9-0EVpEmgl1mk5kAZHmD9ek=', 'user_id': '677a09c2000000001801f616'}}]",67caa557000000001800a8fd,3,True
