show_tags,note_id,sub_comment_cursor,like_count,user_info,content,liked,sub_comment_has_more,ip_location,id,sub_comment_count,sub_comments,status,create_time,at_users
"['is_author', 'user_top']",67db73f0000000000b015a34,,0,22,ä¸ç”¨å…³æ³¨æˆ‘è¿™ä¸ªå·[ç¬‘å“­R]æ‰¾å®ä¹ æ˜¥æ‹›çœ‹è¿™ä¸ª@å°æ¨ŠJasper,False,False,å¹¿ä¸œ,67dc3abb000000001e023959,0,[],4,1742486203000,"[{'user_id': '624c0fa0000000001000ffa2', 'nickname': 'å°æ¨ŠJasper', 'xsec_token': 'AB_YbKk_ZoHnQKYd_lduticTfgXM-Il1_x7SkrFwyoZTA='}]"
[],67db73f0000000000b015a34,67dbdd32000000001801e21e,559,æ˜Ÿå½»-äº§å“æ€»ç›‘,"è¯´å‡ ä¸ªæ˜æ˜¾çš„é—®é¢˜ï¼š
1ã€	åˆ›ä¸šç»å†ä¸è¦å†™ï¼Œå¾ˆå¤šé¢è¯•å®˜æ¯”è¾ƒä¿å®ˆï¼Œæƒ³è¦çš„æ˜¯ç¾Šï¼Œä¸æ˜¯ç‹¼ï¼Œä½ å½“è¿‡ç‹¼ï¼Œè°çŸ¥é“ä½ ç°åœ¨æƒ³è¸è¸å®å®å½“ç¾Šï¼Ÿè€Œä¸”æœ‰é‚£ä¹ˆå¤šä¸€å®šæ˜¯ç¾Šçš„ï¼Œæ•ˆç‡å‡ºå‘ï¼Œæ²¡å¿…è¦è€ƒè™‘ä½ ã€‚
2ã€	æ’ç‰ˆç¼©è¿›å¤ªå¤šå±‚çº§äº†ï¼Œä¸ç¬¦åˆä¸€ä¸ªä¼˜ç§€äº§å“ç»ç†çš„å®¡ç¾ï¼Œè¯»ç€å¾ˆç´¯ã€‚
3ã€	å…·ä½“åŠ¨ä½œä¸ç”¨è¯´ï¼Œç›´æ¥è¯´æ”¶ç›Šï¼Œæˆ–è€…ä½ ä¼˜ç§€çš„åœ°æ–¹ï¼Œæ‰€ä»¥è¦è¡¨ç°çš„ä½ ä¼˜ç§€ï¼Œè€Œä¸æ˜¯ä½ åšäº†ä»€ä¹ˆã€‚
4ã€	è¯´çš„äº‹æƒ…è¶Šå°å„¿ç§‘ï¼Œè¶Šæ˜¾å¾—ä½ ä¸è¡Œï¼Œæ¯”å¦‚å¢åŠ äº†ä¸ªåˆ†ç±»tabï¼Ÿè¿™è·Ÿæ‰«äº†ä¸ªåœ°å·®ä¸å¤šå§ï¼Ÿ
5ã€	æ•°æ®ä¸€å®šå†™å¢å¹…ï¼Œä¸ç„¶è°çŸ¥é“ä½ åšçš„ç‰›ä¸ç‰›ï¼Ÿå¢åŠ å•†åŸGMV 3wï¼Ÿè¿™ä¸æ˜¯QQéŸ³ä¹ä¸€åˆ†é’Ÿçš„æ”¶å…¥å—ï¼Ÿå¢åŠ 3wæœ‰ä»€ä¹ˆå¯å†™çš„ï¼Ÿè¿˜æ˜¯å‘¨å¢ï¼Ÿ

æ‰«äº†ä¸€çœ¼ï¼Œçœ‹äº†å‰å‡ è¡Œï¼Œå°±è¿™äº›é—®é¢˜ï¼Œå…¶ä»–çš„ä¸èµ˜è¿°äº†ã€‚",False,True,æ±Ÿè‹,67dbd20a000000000f0328b1,60,"[{'note_id': '67db73f0000000000b015a34', 'status': 0, 'content': 'ç‰›ï¼å­¦åˆ°äº†å¤§ä½¬  æ„Ÿè°¢æ„Ÿè°¢', 'at_users': [], 'show_tags': ['is_author'], 'ip_location': 'å¹¿ä¸œ', 'target_comment': {'id': '67dbd20a000000000f0328b1', 'user_info': {'user_id': '641064a700000000290136dd', 'nickname': 'æ˜Ÿå½»-äº§å“æ€»ç›‘', 'image': 'https://sns-avatar-qc.xhscdn.com/avatar/675d3b98bcf9fe1bd9b3df39.jpg?imageView2/2/w/120/format/jpg', 'xsec_token': 'AByomVwxe9qgGibz0KZgARmz-vDfXiS9MR63fjFg5xOuk='}}, 'id': '67dbdd32000000001801e21e', 'liked': False, 'like_count': '41', 'user_info': {'user_id': '62fa478d000000000f004e25', 'nickname': '22', 'image': 'https://sns-avatar-qc.xhscdn.com/avatar/635111647006cabf1371a65c.jpg?imageView2/2/w/120/format/jpg', 'xsec_token': 'ABHa22qbGHzCnfgtaPpGFBc6hmBU5TCAhiUpFG8lPMA3w='}, 'create_time': 1742462258000}]",0,1742459403000,[]
[],67db73f0000000000b015a34,67db7901000000001801b8ae,1031,å°ç´«è–¯,ä¸‰æ®µå¤§å‚äº§å“+985æ‰¾ä¸åˆ°å·¥ä½œï¼Ÿ[æ±—é¢œR],False,True,å¹¿ä¸œ,67db77ec000000001702827b,90,"[{'status': 0, 'at_users': [], 'liked': False, 'like_count': '601', 'user_info': {'image': 'https://sns-avatar-qc.xhscdn.com/avatar/635111647006cabf1371a65c.jpg?imageView2/2/w/120/format/jpg', 'xsec_token': 'ABHa22qbGHzCnfgtaPpGFBc6hmBU5TCAhiUpFG8lPMA3w=', 'user_id': '62fa478d000000000f004e25', 'nickname': '22'}, 'create_time': 1742436609000, 'id': '67db7901000000001801b8ae', 'note_id': '67db73f0000000000b015a34', 'ip_location': 'å¹¿ä¸œ', 'target_comment': {'user_info': {'user_id': '6093e6c200000000010067ff', 'nickname': 'å°ç´«è–¯', 'image': 'https://sns-avatar-qc.xhscdn.com/avatar/1040g2jo30rmmg0dq2e005o4jsr108pvvafa0dag?imageView2/2/w/120/format/jpg', 'xsec_token': 'ABe_Vjoivs9yB_DACsq5t8TZ5XfDXBXioby8L81H3uMqU='}, 'id': '67db77ec000000001702827b'}, 'content': 'æˆ‘å¯¹å¸‚åœºä¹Ÿæ˜¯è¿™ä¸ªè¡¨æƒ…[æ±—é¢œR]', 'show_tags': ['is_author']}]",0,1742436332000,[]
[],67db73f0000000000b015a34,,0,ç‡•å°å‘†çš„å¤§ç‹—å­ğŸ’­,å…¨æ˜¯å­—ï¼Œçœ‹ç€æœ‰ç‚¹ç´¯,False,False,æ±Ÿè‹,67dc42c7000000001200b8d2,0,[],0,1742488263000,[]
[],67db73f0000000000b015a34,,1,é£ç¿”çš„å¤§ç¦,ä¸æƒ³çœ‹è¿™ç§ç®€å† å­—å¤ªå¤šäº†[å·ç¬‘R],False,False,ä¸Šæµ·,67dc41e3000000001e00eed5,0,[],0,1742488035000,[]
[],67db73f0000000000b015a34,,0,Oooo,å¯èƒ½æ˜¯ç¡•å£«å¤ªå¤šäº†å§äº§å“ï¼Œå¤ªå·äº†,False,False,æ±Ÿè‹,67dc4026000000001f01baa6,0,[],0,1742487590000,[]
[],67db73f0000000000b015a34,,0,momo,æœ‰ç‚¹ä¹±,False,False,ä¸Šæµ·,67dc3f7a000000002001771e,0,[],0,1742487419000,[]
[],67db73f0000000000b015a34,,0,é›¨æ‰“ä¸Šå…ƒç¯,è¿™ä¹ˆä¼˜ç§€çš„å±¥å†ä¸€èˆ¬å…¬å¸æ¥ä¸ä½ï¼Œå¦‚æœå¤§å‚éƒ½æ²¡å»æˆè¿˜çœŸå°±æœ€é€‚åˆåˆ›ä¸š,False,False,å¹¿ä¸œ,67dc3d670000000012021c17,0,[],0,1742486888000,[]
[],67db73f0000000000b015a34,,1,momo,ä½ è¿™äº›æ•ˆæœæ˜¯æ€ä¹ˆå¾—æ¥çš„ï¼Ÿè°ç»Ÿè®¡çš„ï¼Ÿ,False,False,æ¹–åŒ—,67dc38ec000000001f0280e2,0,[],0,1742485741000,[]
[],67db73f0000000000b015a34,67dba8eb000000001500020e,187,èˆ’äº‘,ä¸€çœ‹åˆ°15%ï¼Œ20%ï¼Œ50%â€¦â€¦è¿™ç§æ•´æ•°å°±å‡å¾—ä¸è¡Œï¼Œæœ‰æ—¶åšåå¤šä¸ªå±‚çº§çš„æ¼æ–—è½¬åŒ–ï¼Œæ¯ä¸€æœˆæ¯ä¸€ä¸ªä¼˜åŒ–åŠ¨ä½œæ•°æ®éƒ½æ˜¯ç²¾ç¡®åˆ°å°æ•°ç‚¹ï¼Œåˆä¸æ˜¯åŠå¹´å’Œå¹´åº¦ï¼Œä»€ä¹ˆçƒ‚æ¼æ–—å•Šèƒ½å‡ åçš„ä¼˜åŒ–,False,True,é‡åº†,67dba863000000001802dfdb,38,"[{'id': '67dba8eb000000001500020e', 'like_count': '99', 'show_tags': [], 'create_time': 1742448876000, 'user_info': {'user_id': '5d25a75700000000120317e0', 'nickname': 'U.', 'image': 'https://sns-avatar-qc.xhscdn.com/avatar/1040g2jo31bl0trb1ge005n95ktbkm5v0uj69j30?imageView2/2/w/120/format/jpg', 'xsec_token': 'ABrL6Cj6s_aTRlwCzOu0Fh2C3ZfpPqo9rZIu-u7K6xUx4='}, 'ip_location': 'å¹¿ä¸œ', 'target_comment': {'id': '67dba863000000001802dfdb', 'user_info': {'user_id': '612a52cd0000000001007a2f', 'nickname': 'èˆ’äº‘', 'image': 'https://sns-avatar-qc.xhscdn.com/avatar/1040g2jo31ee68lo2gk005o9aab6g8uhfm14uoco?imageView2/2/w/120/format/jpg', 'xsec_token': 'ABNEG9wehfTdIMDA_qkKAxm_Z6b8Nkq0FUtZXlOljWQlM='}}, 'note_id': '67db73f0000000000b015a34', 'status': 0, 'content': 'æˆ‘ä¹Ÿè§‰å¾—ç™¾åˆ†æ¯”å¤ªå¤šæ˜¾å¾—å¤ªå‡äº†ï¼Œæˆ–è€…è¯´åä¸½çš„æœ‰ç‚¹è¿‡åˆ†', 'at_users': [], 'liked': False}]",0,1742448739000,[]
